record_type,key,symbol,family,anchor_date,label_end_at,n_own_sessions,n_market_sessions,window_complete,crosses_dev_boundary,censoring_reason,retained,deleted,funnel_label_end_decision,label_end_match,note
b1_event_window,B1|sz.002299|20181231|a2019-01-08|u0,sz.002299,B1,2019-01-09,2019-02-13,20,20,True,False,,True,False,2019-02-13,True,窗口不完整/跨界时保留并标记，不进入完整窗口均值
b1_event_window,B1|sz.002916|20181231|a2019-01-08|u0,sz.002916,B1,2019-01-09,2019-02-13,20,20,True,False,,True,False,2019-02-13,True,窗口不完整/跨界时保留并标记，不进入完整窗口均值
b1_event_window,B1|sz.002024|20181231|a2019-01-09|u0,sz.002024,B1,2019-01-10,2019-02-14,20,20,True,False,,True,False,2019-02-14,True,窗口不完整/跨界时保留并标记，不进入完整窗口均值
b1_event_window,B1|sz.002157|20181231|a2019-01-09|u0,sz.002157,B1,2019-01-10,2019-02-14,20,20,True,False,,True,False,2019-02-14,True,窗口不完整/跨界时保留并标记，不进入完整窗口均值
b1_event_window,B1|sz.002475|20181231|a2019-01-10|u0,sz.002475,B1,2019-01-11,2019-02-15,20,20,True,False,,True,False,2019-02-15,True,窗口不完整/跨界时保留并标记，不进入完整窗口均值
b1_event_window,B1|sz.002405|20181231|a2019-01-12|u0,sz.002405,B1,2019-01-14,2019-02-18,20,20,True,False,,True,False,2019-02-18,True,窗口不完整/跨界时保留并标记，不进入完整窗口均值
b1_event_window,B1|sz.002234|20181231|a2019-01-15|u0,sz.002234,B1,2019-01-16,2019-02-20,20,20,True,False,,True,False,2019-02-20,True,窗口不完整/跨界时保留并标记，不进入完整窗口均值
b1_event_window,B1|sz.002353|20181231|a2019-01-18|u0,sz.002353,B1,2019-01-21,2019-02-25,20,20,True,False,,True,False,2019-02-25,True,窗口不完整/跨界时保留并标记，不进入完整窗口均值
b1_event_window,B1|sz.002755|20181231|a2019-01-22|u0,sz.002755,B1,2019-01-23,2019-02-27,20,20,True,False,,True,False,2019-02-27,True,窗口不完整/跨界时保留并标记，不进入完整窗口均值
b1_event_window,B1|sz.002302|20181231|a2019-01-25|u0,sz.002302,B1,2019-01-28,2019-03-04,20,20,True,False,,True,False,2019-03-04,True,窗口不完整/跨界时保留并标记，不进入完整窗口均值
b1_event_window,B1|sz.002023|20181231|a2019-01-29|u0,sz.002023,B1,2019-01-30,2019-03-06,20,20,True,False,,True,False,2019-03-06,True,窗口不完整/跨界时保留并标记，不进入完整窗口均值
b1_event_window,B1|sz.002458|20181231|a2019-01-29|u0,sz.002458,B1,2019-01-30,2019-03-06,20,20,True,False,,True,False,2019-03-06,True,窗口不完整/跨界时保留并标记，不进入完整窗口均值
b1_event_window,B1|sz.002607|20181231|a2019-01-29|u0,sz.002607,B1,2019-01-30,2019-03-06,20,20,True,False,,True,False,2019-03-06,True,窗口不完整/跨界时保留并标记，不进入完整窗口均值
b1_event_window,B1|sz.002414|20181231|a2019-01-30|u0,sz.002414,B1,2019-01-31,2019-03-07,20,20,True,False,,True,False,2019-03-07,True,窗口不完整/跨界时保留并标记，不进入完整窗口均值
b1_event_window,B1|sz.002703|20181231|a2019-01-30|u0,sz.002703,B1,2019-01-31,2019-03-07,20,20,True,False,,True,False,2019-03-07,True,窗口不完整/跨界时保留并标记，不进入完整窗口均值
b1_event_window,B1|sz.002725|20181231|a2019-01-30|u0,sz.002725,B1,2019-01-31,2019-03-07,20,20,True,False,,True,False,2019-03-07,True,窗口不完整/跨界时保留并标记，不进入完整窗口均值
b1_event_window,B1|sz.002098|20181231|a2019-01-31|u0,sz.002098,B1,2019-02-01,2019-03-08,20,20,True,False,,True,False,2019-03-08,True,窗口不完整/跨界时保留并标记，不进入完整窗口均值
b1_event_window,B1|sz.002129|20181231|a2019-01-31|u0,sz.002129,B1,2019-02-01,2019-03-08,20,20,True,False,,True,False,2019-03-08,True,窗口不完整/跨界时保留并标记，不进入完整窗口均值
b1_event_window,B1|sz.002181|20181231|a2019-01-31|u0,sz.002181,B1,2019-02-01,2019-03-08,20,20,True,False,,True,False,2019-03-08,True,窗口不完整/跨界时保留并标记，不进入完整窗口均值
b1_event_window,B1|sz.002270|20181231|a2019-01-31|u0,sz.002270,B1,2019-02-01,2019-03-08,20,20,True,False,,True,False,2019-03-08,True,窗口不完整/跨界时保留并标记，不进入完整窗口均值
b1_event_window,B1|sz.002328|20181231|a2019-01-31|u0,sz.002328,B1,2019-02-01,2019-03-08,20,20,True,False,,True,False,2019-03-08,True,窗口不完整/跨界时保留并标记，不进入完整窗口均值
b1_event_window,B1|sz.002510|20181231|a2019-01-31|u0,sz.002510,B1,2019-02-01,2019-03-08,20,20,True,False,,True,False,2019-03-08,True,窗口不完整/跨界时保留并标记，不进入完整窗口均值
b1_event_window,B1|sz.002575|20181231|a2019-01-31|u0,sz.002575,B1,2019-02-01,2019-03-08,20,20,True,False,,True,False,2019-03-08,True,窗口不完整/跨界时保留并标记，不进入完整窗口均值
b1_event_window,B1|sz.002099|20190331|a2019-04-09|u0,sz.002099,B1,2019-04-10,2019-05-13,20,20,True,False,,True,False,2019-05-13,True,窗口不完整/跨界时保留并标记，不进入完整窗口均值
b1_event_window,B1|sz.002575|20190331|a2019-04-09|u0,sz.002575,B1,2019-04-10,2019-05-13,20,20,True,False,,True,False,2019-05-13,True,窗口不完整/跨界时保留并标记，不进入完整窗口均值
b1_event_window,B1|sz.000996|20181231|a2019-04-10|u0,sz.000996,B1,2019-04-11,2019-05-14,20,20,True,False,,True,False,2019-05-14,True,窗口不完整/跨界时保留并标记，不进入完整窗口均值
b1_event_window,B1|sz.002882|20190331|a2019-04-10|u0,sz.002882,B1,2019-04-11,2019-05-14,20,20,True,False,,True,False,2019-05-14,True,窗口不完整/跨界时保留并标记，不进入完整窗口均值
b1_event_window,B1|sz.002079|20190331|a2019-04-11|u0,sz.002079,B1,2019-04-12,2019-05-15,20,20,True,False,,True,False,2019-05-15,True,窗口不完整/跨界时保留并标记，不进入完整窗口均值
b1_event_window,B1|sz.002398|20190331|a2019-04-11|u0,sz.002398,B1,2019-04-12,2019-05-15,20,20,True,False,,True,False,2019-05-15,True,窗口不完整/跨界时保留并标记，不进入完整窗口均值
b1_event_window,B1|sz.002012|20190331|a2019-04-13|u0,sz.002012,B1,2019-04-15,2019-05-16,20,20,True,False,,True,False,2019-05-16,True,窗口不完整/跨界时保留并标记，不进入完整窗口均值
b1_event_window,B1|sz.002021|20190331|a2019-04-13|u0,sz.002021,B1,2019-04-15,2019-05-17,20,21,True,False,,True,False,2019-05-17,True,窗口不完整/跨界时保留并标记，不进入完整窗口均值
b1_event_window,B1|sz.002151|20190331|a2019-04-13|u0,sz.002151,B1,2019-04-15,2019-05-16,20,20,True,False,,True,False,2019-05-16,True,窗口不完整/跨界时保留并标记，不进入完整窗口均值
b1_event_window,B1|sz.002164|20190331|a2019-04-13|u0,sz.002164,B1,2019-04-15,2019-05-16,20,20,True,False,,True,False,2019-05-16,True,窗口不完整/跨界时保留并标记，不进入完整窗口均值
b1_event_window,B1|sz.002234|20190331|a2019-04-13|u0,sz.002234,B1,2019-04-15,2019-05-16,20,20,True,False,,True,False,2019-05-16,True,窗口不完整/跨界时保留并标记，不进入完整窗口均值
b1_event_window,B1|sz.002333|20190331|a2019-04-13|u0,sz.002333,B1,2019-04-15,2019-05-17,20,21,True,False,,True,False,2019-05-17,True,窗口不完整/跨界时保留并标记，不进入完整窗口均值
b1_event_window,B1|sz.002381|20190331|a2019-04-13|u0,sz.002381,B1,2019-04-15,2019-05-16,20,20,True,False,,True,False,2019-05-16,True,窗口不完整/跨界时保留并标记，不进入完整窗口均值
b1_event_window,B1|sz.002560|20190331|a2019-04-15|u0,sz.002560,B1,2019-04-16,2019-05-17,20,20,True,False,,True,False,2019-05-17,True,窗口不完整/跨界时保留并标记，不进入完整窗口均值
b1_event_window,B1|sz.002591|20190331|a2019-04-15|u0,sz.002591,B1,2019-04-16,2019-05-17,20,20,True,False,,True,False,2019-05-17,True,窗口不完整/跨界时保留并标记，不进入完整窗口均值
b1_event_window,B1|sz.002757|20190331|a2019-04-15|u0,sz.002757,B1,2019-04-16,2019-05-17,20,20,True,False,,True,False,2019-05-17,True,窗口不完整/跨界时保留并标记，不进入完整窗口均值
b1_event_window,B1|sz.002669|20190331|a2019-04-16|u1,sz.002669,B1,2019-04-17,2019-05-20,20,20,True,False,,True,False,2019-05-20,True,窗口不完整/跨界时保留并标记，不进入完整窗口均值
b1_event_window,B1|sz.002592|20190630|a2019-07-04|u0,sz.002592,B1,2019-07-05,2019-08-02,20,20,True,False,,True,False,2019-08-02,True,窗口不完整/跨界时保留并标记，不进入完整窗口均值
b1_event_window,B1|sz.002182|20190630|a2019-07-09|u0,sz.002182,B1,2019-07-10,2019-08-07,20,20,True,False,,True,False,2019-08-07,True,窗口不完整/跨界时保留并标记，不进入完整窗口均值
b1_event_window,B1|sz.002299|20190630|a2019-07-09|u0,sz.002299,B1,2019-07-10,2019-08-07,20,20,True,False,,True,False,2019-08-07,True,窗口不完整/跨界时保留并标记，不进入完整窗口均值
b1_event_window,B1|sz.000912|20190630|a2019-07-13|u1,sz.000912,B1,2019-07-15,2019-08-12,20,20,True,False,,True,False,2019-08-12,True,窗口不完整/跨界时保留并标记，不进入完整窗口均值
b1_event_window,B1|sz.002745|20190630|a2019-07-12|u0,sz.002745,B1,2019-07-15,2019-08-12,20,20,True,False,,True,False,2019-08-12,True,窗口不完整/跨界时保留并标记，不进入完整窗口均值
b1_event_window,B1|sz.002869|20190630|a2019-07-12|u0,sz.002869,B1,2019-07-15,2019-08-12,20,20,True,False,,True,False,2019-08-12,True,窗口不完整/跨界时保留并标记，不进入完整窗口均值
b1_event_window,B1|sz.002835|20190630|a2019-07-15|u1,sz.002835,B1,2019-07-16,2019-08-13,20,20,True,False,,True,False,2019-08-13,True,窗口不完整/跨界时保留并标记，不进入完整窗口均值
b1_event_window,B1|sz.002299|20190930|a2019-10-09|u1,sz.002299,B1,2019-10-10,2019-11-07,20,20,True,False,,True,False,2019-11-07,True,窗口不完整/跨界时保留并标记，不进入完整窗口均值
b1_event_window,B1|sz.002318|20190930|a2019-10-09|u1,sz.002318,B1,2019-10-10,2019-11-07,20,20,True,False,,True,False,2019-11-07,True,窗口不完整/跨界时保留并标记，不进入完整窗口均值
b1_event_window,B1|sz.002639|20190930|a2019-10-11|u0,sz.002639,B1,2019-10-14,2019-11-11,20,20,True,False,,True,False,2019-11-11,True,窗口不完整/跨界时保留并标记，不进入完整窗口均值
b1_event_window,B1|sz.002151|20190930|a2019-10-15|u1,sz.002151,B1,2019-10-16,2019-11-13,20,20,True,False,,True,False,2019-11-13,True,窗口不完整/跨界时保留并标记，不进入完整窗口均值
b1_event_window,B1|sz.002429|20190930|a2019-10-15|u0,sz.002429,B1,2019-10-16,2019-11-13,20,20,True,False,,True,False,2019-11-13,True,窗口不完整/跨界时保留并标记，不进入完整窗口均值
b1_event_window,B1|sz.002481|20190930|a2019-10-15|u0,sz.002481,B1,2019-10-16,2019-11-13,20,20,True,False,,True,False,2019-11-13,True,窗口不完整/跨界时保留并标记，不进入完整窗口均值
b1_event_window,B1|sz.002628|20190930|a2019-10-15|u0,sz.002628,B1,2019-10-16,2019-11-13,20,20,True,False,,True,False,2019-11-13,True,窗口不完整/跨界时保留并标记，不进入完整窗口均值
b1_event_window,B1|sz.002709|20190930|a2019-10-15|u0,sz.002709,B1,2019-10-16,2019-11-13,20,20,True,False,,True,False,2019-11-13,True,窗口不完整/跨界时保留并标记，不进入完整窗口均值
b1_event_window,B1|sz.002512|20190930|a2019-10-16|u0,sz.002512,B1,2019-10-17,2019-11-14,20,20,True,False,,True,False,2019-11-14,True,窗口不完整/跨界时保留并标记，不进入完整窗口均值
b1_event_window,B1|sz.002299|20191231|a2020-01-04|u0,sz.002299,B1,2020-01-06,2020-02-11,20,20,True,False,,True,False,2020-02-11,True,窗口不完整/跨界时保留并标记，不进入完整窗口均值
b1_event_window,B1|sz.002182|20191231|a2020-01-20|u0,sz.002182,B1,2020-01-21,2020-02-26,20,20,True,False,,True,False,2020-02-26,True,窗口不完整/跨界时保留并标记，不进入完整窗口均值
b1_event_window,B1|sz.002489|20191231|a2020-01-20|u0,sz.002489,B1,2020-01-21,2020-02-26,20,20,True,False,,True,False,2020-02-26,True,窗口不完整/跨界时保留并标记，不进入完整窗口均值
b1_event_window,B1|sz.002903|20191231|a2020-01-21|u0,sz.002903,B1,2020-01-22,2020-02-27,20,20,True,False,,True,False,2020-02-27,True,窗口不完整/跨界时保留并标记，不进入完整窗口均值
b1_event_window,B1|sz.002184|20191231|a2020-01-31|u0,sz.002184,B1,2020-02-03,2020-03-02,20,20,True,False,,True,False,2020-03-02,True,窗口不完整/跨界时保留并标记，不进入完整窗口均值
b1_event_window,B1|sz.002335|20191231|a2020-01-31|u0,sz.002335,B1,2020-02-03,2020-03-02,20,20,True,False,,True,False,2020-03-02,True,窗口不完整/跨界时保留并标记，不进入完整窗口均值
b1_event_window,B1|sz.002941|20191231|a2020-01-31|u0,sz.002941,B1,2020-02-03,2020-03-02,20,20,True,False,,True,False,2020-03-02,True,窗口不完整/跨界时保留并标记，不进入完整窗口均值
b1_event_window,B1|sz.002429|20191231|a2020-02-03|u0,sz.002429,B1,2020-02-04,2020-03-03,20,20,True,False,,True,False,2020-03-03,True,窗口不完整/跨界时保留并标记，不进入完整窗口均值
b1_event_window,B1|sz.002409|20200331|a2020-03-12|u0,sz.002409,B1,2020-03-13,2020-04-13,20,20,True,False,,True,False,2020-04-13,True,窗口不完整/跨界时保留并标记，不进入完整窗口均值
b1_event_window,B1|sz.000813|20191231|a2020-03-31|u0,sz.000813,B1,2020-04-01,2020-04-30,20,20,True,False,,True,False,2020-04-30,True,窗口不完整/跨界时保留并标记，不进入完整窗口均值
b1_event_window,B1|sz.002605|20200331|a2020-04-08|u0,sz.002605,B1,2020-04-09,2020-05-12,20,20,True,False,,True,False,2020-05-12,True,窗口不完整/跨界时保留并标记，不进入完整窗口均值
b1_event_window,B1|sz.002258|20200331|a2020-04-11|u0,sz.002258,B1,2020-04-13,2020-05-14,20,20,True,False,,True,False,2020-05-14,True,窗口不完整/跨界时保留并标记，不进入完整窗口均值
b1_event_window,B1|sz.002312|20200331|a2020-04-15|u0,sz.002312,B1,2020-04-16,2020-05-19,20,20,True,False,,True,False,2020-05-19,True,窗口不完整/跨界时保留并标记，不进入完整窗口均值
b1_event_window,B1|sz.002384|20200630|a2020-06-09|u0,sz.002384,B1,2020-06-10,2020-07-10,20,20,True,False,,True,False,2020-07-10,True,窗口不完整/跨界时保留并标记，不进入完整窗口均值
b1_event_window,B1|sz.002585|20200630|a2020-06-30|u0,sz.002585,B1,2020-07-01,2020-07-29,20,20,True,False,,True,False,2020-07-29,True,窗口不完整/跨界时保留并标记，不进入完整窗口均值
b1_event_window,B1|sz.002702|20200630|a2020-07-02|u0,sz.002702,B1,2020-07-03,2020-07-31,20,20,True,False,,True,False,2020-07-31,True,窗口不完整/跨界时保留并标记，不进入完整窗口均值
b1_event_window,B1|sz.002709|20200630|a2020-07-07|u0,sz.002709,B1,2020-07-08,2020-08-05,20,20,True,False,,True,False,2020-08-05,True,窗口不完整/跨界时保留并标记，不进入完整窗口均值
b1_event_window,B1|sz.002803|20200630|a2020-07-07|u0,sz.002803,B1,2020-07-08,2020-08-05,20,20,True,False,,True,False,2020-08-05,True,窗口不完整/跨界时保留并标记，不进入完整窗口均值
b1_event_window,B1|sz.002223|20200630|a2020-07-08|u0,sz.002223,B1,2020-07-09,2020-08-06,20,20,True,False,,True,False,2020-08-06,True,窗口不完整/跨界时保留并标记，不进入完整窗口均值
b1_event_window,B1|sz.002324|20200630|a2020-07-11|u0,sz.002324,B1,2020-07-13,2020-08-11,20,21,True,False,,True,False,2020-08-11,True,窗口不完整/跨界时保留并标记，不进入完整窗口均值
b1_event_window,B1|sz.002489|20200630|a2020-07-13|u0,sz.002489,B1,2020-07-14,2020-08-11,20,20,True,False,,True,False,2020-08-11,True,窗口不完整/跨界时保留并标记，不进入完整窗口均值
b1_event_window,B1|sz.002030|20200630|a2020-07-14|u0,sz.002030,B1,2020-07-15,2020-08-12,20,20,True,False,,True,False,2020-08-12,True,窗口不完整/跨界时保留并标记，不进入完整窗口均值
b1_event_window,B1|sz.002049|20200630|a2020-07-14|u0,sz.002049,B1,2020-07-15,2020-08-12,20,20,True,False,,True,False,2020-08-12,True,窗口不完整/跨界时保留并标记，不进入完整窗口均值
b1_event_window,B1|sz.002079|20200630|a2020-07-14|u0,sz.002079,B1,2020-07-15,2020-08-12,20,20,True,False,,True,False,2020-08-12,True,窗口不完整/跨界时保留并标记，不进入完整窗口均值
b1_event_window,B1|sz.002229|20200630|a2020-07-14|u0,sz.002229,B1,2020-07-15,2020-08-12,20,20,True,False,,True,False,2020-08-12,True,窗口不完整/跨界时保留并标记，不进入完整窗口均值
b1_event_window,B1|sz.002544|20200630|a2020-07-14|u0,sz.002544,B1,2020-07-15,2020-08-12,20,20,True,False,,True,False,2020-08-12,True,窗口不完整/跨界时保留并标记，不进入完整窗口均值
b1_event_window,B1|sz.002560|20200630|a2020-07-14|u0,sz.002560,B1,2020-07-15,2020-08-12,20,20,True,False,,True,False,2020-08-12,True,窗口不完整/跨界时保留并标记，不进入完整窗口均值
b1_event_window,B1|sz.000786|20200630|a2020-07-15|u1,sz.000786,B1,2020-07-16,2020-08-13,20,20,True,False,,True,False,2020-08-13,True,窗口不完整/跨界时保留并标记，不进入完整窗口均值
b1_event_window,B1|sz.002184|20200630|a2020-07-15|u0,sz.002184,B1,2020-07-16,2020-08-13,20,20,True,False,,True,False,2020-08-13,True,窗口不完整/跨界时保留并标记，不进入完整窗口均值
b1_event_window,B1|sz.002187|20200630|a2020-07-15|u0,sz.002187,B1,2020-07-16,2020-08-13,20,20,True,False,,True,False,2020-08-13,True,窗口不完整/跨界时保留并标记，不进入完整窗口均值
b1_event_window,B1|sz.002414|20200630|a2020-07-15|u0,sz.002414,B1,2020-07-16,2020-08-13,20,20,True,False,,True,False,2020-08-13,True,窗口不完整/跨界时保留并标记，不进入完整窗口均值
b1_event_window,B1|sz.002432|20200630|a2020-07-15|u0,sz.002432,B1,2020-07-16,2020-08-13,20,20,True,False,,True,False,2020-08-13,True,窗口不完整/跨界时保留并标记，不进入完整窗口均值
b1_event_window,B1|sz.002437|20200630|a2020-07-15|u0,sz.002437,B1,2020-07-16,2020-08-13,20,20,True,False,,True,False,2020-08-13,True,窗口不完整/跨界时保留并标记，不进入完整窗口均值
b1_event_window,B1|sz.002524|20200630|a2020-07-15|u0,sz.002524,B1,2020-07-16,2020-08-13,20,20,True,False,,True,False,2020-08-13,True,窗口不完整/跨界时保留并标记，不进入完整窗口均值
b1_event_window,B1|sz.002612|20200630|a2020-07-15|u0,sz.002612,B1,2020-07-16,2020-08-13,20,20,True,False,,True,False,2020-08-13,True,窗口不完整/跨界时保留并标记，不进入完整窗口均值
b1_event_window,B1|sz.002488|20200930|a2020-09-29|u0,sz.002488,B1,2020-09-30,2020-11-05,20,20,True,False,,True,False,2020-11-05,True,窗口不完整/跨界时保留并标记，不进入完整窗口均值
b1_event_window,B1|sz.002571|20200930|a2020-10-13|u0,sz.002571,B1,2020-10-14,2020-11-11,20,20,True,False,,True,False,2020-11-11,True,窗口不完整/跨界时保留并标记，不进入完整窗口均值
b1_event_window,B1|sz.002594|20200930|a2020-10-13|u0,sz.002594,B1,2020-10-14,2020-11-11,20,20,True,False,,True,False,2020-11-11,True,窗口不完整/跨界时保留并标记，不进入完整窗口均值
b1_event_window,B1|sz.002919|20200930|a2020-10-14|u0,sz.002919,B1,2020-10-15,2020-11-12,20,20,True,False,,True,False,2020-11-12,True,窗口不完整/跨界时保留并标记，不进入完整窗口均值
b1_event_window,B1|sz.000027|20200930|a2020-10-15|u0,sz.000027,B1,2020-10-16,2020-11-13,20,20,True,False,,True,False,2020-11-13,True,窗口不完整/跨界时保留并标记，不进入完整窗口均值
b1_event_window,B1|sz.000698|20200930|a2020-10-15|u1,sz.000698,B1,2020-10-16,2020-11-13,20,20,True,False,,True,False,2020-11-13,True,窗口不完整/跨界时保留并标记，不进入完整窗口均值
b1_event_window,B1|sz.000786|20200930|a2020-10-15|u0,sz.000786,B1,2020-10-16,2020-11-13,20,20,True,False,,True,False,2020-11-13,True,窗口不完整/跨界时保留并标记，不进入完整窗口均值
b1_event_window,B1|sz.002059|20200930|a2020-10-15|u0,sz.002059,B1,2020-10-16,2020-11-13,20,20,True,False,,True,False,2020-11-13,True,窗口不完整/跨界时保留并标记，不进入完整窗口均值
b1_event_window,B1|sz.002386|20200930|a2020-10-15|u0,sz.002386,B1,2020-10-16,2020-11-13,20,20,True,False,,True,False,2020-11-13,True,窗口不完整/跨界时保留并标记，不进入完整窗口均值
b1_event_window,B1|sz.002437|20200930|a2020-10-15|u0,sz.002437,B1,2020-10-16,2020-11-13,20,20,True,False,,True,False,2020-11-13,True,窗口不完整/跨界时保留并标记，不进入完整窗口均值
b1_event_window,B1|sz.002847|20200930|a2020-10-15|u0,sz.002847,B1,2020-10-16,2020-11-13,20,20,True,False,,True,False,2020-11-13,True,窗口不完整/跨界时保留并标记，不进入完整窗口均值
boundary_anchor,sz.000027:2020-12-04,sz.000027,B1,2020-12-04,,19,,False,True,crosses_dev_boundary,True,False,,,该证券自该日起的 20 自身交易日窗跨入 2021：窗口不完整、保留并标记；实际终点落在 2021，需单独授权读取后才能确定，本审计不推算、已实现 19/20 个自身交易日
boundary_anchor,sz.000698:2020-12-04,sz.000698,B1,2020-12-04,,19,,False,True,crosses_dev_boundary,True,False,,,该证券自该日起的 20 自身交易日窗跨入 2021：窗口不完整、保留并标记；实际终点落在 2021，需单独授权读取后才能确定，本审计不推算、已实现 19/20 个自身交易日
boundary_anchor,sz.000786:2020-12-04,sz.000786,B1,2020-12-04,,19,,False,True,crosses_dev_boundary,True,False,,,该证券自该日起的 20 自身交易日窗跨入 2021：窗口不完整、保留并标记；实际终点落在 2021，需单独授权读取后才能确定，本审计不推算、已实现 19/20 个自身交易日
boundary_anchor,sz.000813:2020-12-04,sz.000813,B1,2020-12-04,,19,,False,True,crosses_dev_boundary,True,False,,,该证券自该日起的 20 自身交易日窗跨入 2021：窗口不完整、保留并标记；实际终点落在 2021，需单独授权读取后才能确定，本审计不推算、已实现 19/20 个自身交易日
boundary_anchor,sz.000912:2020-12-04,sz.000912,B1,2020-12-04,,19,,False,True,crosses_dev_boundary,True,False,,,该证券自该日起的 20 自身交易日窗跨入 2021：窗口不完整、保留并标记；实际终点落在 2021，需单独授权读取后才能确定，本审计不推算、已实现 19/20 个自身交易日
boundary_anchor,sz.000996:2020-12-04,sz.000996,B1,2020-12-04,,19,,False,True,crosses_dev_boundary,True,False,,,该证券自该日起的 20 自身交易日窗跨入 2021：窗口不完整、保留并标记；实际终点落在 2021，需单独授权读取后才能确定，本审计不推算、已实现 19/20 个自身交易日
boundary_anchor,sz.002012:2020-12-04,sz.002012,B1,2020-12-04,,19,,False,True,crosses_dev_boundary,True,False,,,该证券自该日起的 20 自身交易日窗跨入 2021：窗口不完整、保留并标记；实际终点落在 2021，需单独授权读取后才能确定，本审计不推算、已实现 19/20 个自身交易日
boundary_anchor,sz.002021:2020-12-04,sz.002021,B1,2020-12-04,,19,,False,True,crosses_dev_boundary,True,False,,,该证券自该日起的 20 自身交易日窗跨入 2021：窗口不完整、保留并标记；实际终点落在 2021，需单独授权读取后才能确定，本审计不推算、已实现 19/20 个自身交易日
boundary_anchor,sz.002023:2020-12-04,sz.002023,B1,2020-12-04,,19,,False,True,crosses_dev_boundary,True,False,,,该证券自该日起的 20 自身交易日窗跨入 2021：窗口不完整、保留并标记；实际终点落在 2021，需单独授权读取后才能确定，本审计不推算、已实现 19/20 个自身交易日
boundary_anchor,sz.002024:2020-12-04,sz.002024,B1,2020-12-04,,19,,False,True,crosses_dev_boundary,True,False,,,该证券自该日起的 20 自身交易日窗跨入 2021：窗口不完整、保留并标记；实际终点落在 2021，需单独授权读取后才能确定，本审计不推算、已实现 19/20 个自身交易日
boundary_anchor,sz.002030:2020-12-04,sz.002030,B1,2020-12-04,,19,,False,True,crosses_dev_boundary,True,False,,,该证券自该日起的 20 自身交易日窗跨入 2021：窗口不完整、保留并标记；实际终点落在 2021，需单独授权读取后才能确定，本审计不推算、已实现 19/20 个自身交易日
boundary_anchor,sz.002049:2020-12-04,sz.002049,B1,2020-12-04,,19,,False,True,crosses_dev_boundary,True,False,,,该证券自该日起的 20 自身交易日窗跨入 2021：窗口不完整、保留并标记；实际终点落在 2021，需单独授权读取后才能确定，本审计不推算、已实现 19/20 个自身交易日
boundary_anchor,sz.002059:2020-12-04,sz.002059,B1,2020-12-04,,19,,False,True,crosses_dev_boundary,True,False,,,该证券自该日起的 20 自身交易日窗跨入 2021：窗口不完整、保留并标记；实际终点落在 2021，需单独授权读取后才能确定，本审计不推算、已实现 19/20 个自身交易日
boundary_anchor,sz.002079:2020-12-04,sz.002079,B1,2020-12-04,,19,,False,True,crosses_dev_boundary,True,False,,,该证券自该日起的 20 自身交易日窗跨入 2021：窗口不完整、保留并标记；实际终点落在 2021，需单独授权读取后才能确定，本审计不推算、已实现 19/20 个自身交易日
boundary_anchor,sz.002098:2020-12-04,sz.002098,B1,2020-12-04,,19,,False,True,crosses_dev_boundary,True,False,,,该证券自该日起的 20 自身交易日窗跨入 2021：窗口不完整、保留并标记；实际终点落在 2021，需单独授权读取后才能确定，本审计不推算、已实现 19/20 个自身交易日
boundary_anchor,sz.002099:2020-12-04,sz.002099,B1,2020-12-04,,19,,False,True,crosses_dev_boundary,True,False,,,该证券自该日起的 20 自身交易日窗跨入 2021：窗口不完整、保留并标记；实际终点落在 2021，需单独授权读取后才能确定，本审计不推算、已实现 19/20 个自身交易日
boundary_anchor,sz.002129:2020-12-04,sz.002129,B1,2020-12-04,,19,,False,True,crosses_dev_boundary,True,False,,,该证券自该日起的 20 自身交易日窗跨入 2021：窗口不完整、保留并标记；实际终点落在 2021，需单独授权读取后才能确定，本审计不推算、已实现 19/20 个自身交易日
boundary_anchor,sz.002151:2020-12-04,sz.002151,B1,2020-12-04,,19,,False,True,crosses_dev_boundary,True,False,,,该证券自该日起的 20 自身交易日窗跨入 2021：窗口不完整、保留并标记；实际终点落在 2021，需单独授权读取后才能确定，本审计不推算、已实现 19/20 个自身交易日
boundary_anchor,sz.002157:2020-12-04,sz.002157,B1,2020-12-04,,19,,False,True,crosses_dev_boundary,True,False,,,该证券自该日起的 20 自身交易日窗跨入 2021：窗口不完整、保留并标记；实际终点落在 2021，需单独授权读取后才能确定，本审计不推算、已实现 19/20 个自身交易日
boundary_anchor,sz.002164:2020-12-04,sz.002164,B1,2020-12-04,,19,,False,True,crosses_dev_boundary,True,False,,,该证券自该日起的 20 自身交易日窗跨入 2021：窗口不完整、保留并标记；实际终点落在 2021，需单独授权读取后才能确定，本审计不推算、已实现 19/20 个自身交易日
boundary_anchor,sz.002181:2020-12-04,sz.002181,B1,2020-12-04,,19,,False,True,crosses_dev_boundary,True,False,,,该证券自该日起的 20 自身交易日窗跨入 2021：窗口不完整、保留并标记；实际终点落在 2021，需单独授权读取后才能确定，本审计不推算、已实现 19/20 个自身交易日
boundary_anchor,sz.002182:2020-12-04,sz.002182,B1,2020-12-04,,19,,False,True,crosses_dev_boundary,True,False,,,该证券自该日起的 20 自身交易日窗跨入 2021：窗口不完整、保留并标记；实际终点落在 2021，需单独授权读取后才能确定，本审计不推算、已实现 19/20 个自身交易日
boundary_anchor,sz.002184:2020-12-04,sz.002184,B1,2020-12-04,,19,,False,True,crosses_dev_boundary,True,False,,,该证券自该日起的 20 自身交易日窗跨入 2021：窗口不完整、保留并标记；实际终点落在 2021，需单独授权读取后才能确定，本审计不推算、已实现 19/20 个自身交易日
boundary_anchor,sz.002187:2020-12-04,sz.002187,B1,2020-12-04,,19,,False,True,crosses_dev_boundary,True,False,,,该证券自该日起的 20 自身交易日窗跨入 2021：窗口不完整、保留并标记；实际终点落在 2021，需单独授权读取后才能确定，本审计不推算、已实现 19/20 个自身交易日
boundary_anchor,sz.002223:2020-12-04,sz.002223,B1,2020-12-04,,19,,False,True,crosses_dev_boundary,True,False,,,该证券自该日起的 20 自身交易日窗跨入 2021：窗口不完整、保留并标记；实际终点落在 2021，需单独授权读取后才能确定，本审计不推算、已实现 19/20 个自身交易日
boundary_anchor,sz.002229:2020-12-04,sz.002229,B1,2020-12-04,,19,,False,True,crosses_dev_boundary,True,False,,,该证券自该日起的 20 自身交易日窗跨入 2021：窗口不完整、保留并标记；实际终点落在 2021，需单独授权读取后才能确定，本审计不推算、已实现 19/20 个自身交易日
boundary_anchor,sz.002234:2020-12-04,sz.002234,B1,2020-12-04,,19,,False,True,crosses_dev_boundary,True,False,,,该证券自该日起的 20 自身交易日窗跨入 2021：窗口不完整、保留并标记；实际终点落在 2021，需单独授权读取后才能确定，本审计不推算、已实现 19/20 个自身交易日
boundary_anchor,sz.002258:2020-12-04,sz.002258,B1,2020-12-04,,19,,False,True,crosses_dev_boundary,True,False,,,该证券自该日起的 20 自身交易日窗跨入 2021：窗口不完整、保留并标记；实际终点落在 2021，需单独授权读取后才能确定，本审计不推算、已实现 19/20 个自身交易日
boundary_anchor,sz.002270:2020-12-04,sz.002270,B1,2020-12-04,,19,,False,True,crosses_dev_boundary,True,False,,,该证券自该日起的 20 自身交易日窗跨入 2021：窗口不完整、保留并标记；实际终点落在 2021，需单独授权读取后才能确定，本审计不推算、已实现 19/20 个自身交易日
boundary_anchor,sz.002299:2020-12-04,sz.002299,B1,2020-12-04,,19,,False,True,crosses_dev_boundary,True,False,,,该证券自该日起的 20 自身交易日窗跨入 2021：窗口不完整、保留并标记；实际终点落在 2021，需单独授权读取后才能确定，本审计不推算、已实现 19/20 个自身交易日
boundary_anchor,sz.002302:2020-12-04,sz.002302,B1,2020-12-04,,19,,False,True,crosses_dev_boundary,True,False,,,该证券自该日起的 20 自身交易日窗跨入 2021：窗口不完整、保留并标记；实际终点落在 2021，需单独授权读取后才能确定，本审计不推算、已实现 19/20 个自身交易日
boundary_anchor,sz.002312:2020-12-04,sz.002312,B1,2020-12-04,,19,,False,True,crosses_dev_boundary,True,False,,,该证券自该日起的 20 自身交易日窗跨入 2021：窗口不完整、保留并标记；实际终点落在 2021，需单独授权读取后才能确定，本审计不推算、已实现 19/20 个自身交易日
boundary_anchor,sz.002318:2020-12-04,sz.002318,B1,2020-12-04,,19,,False,True,crosses_dev_boundary,True,False,,,该证券自该日起的 20 自身交易日窗跨入 2021：窗口不完整、保留并标记；实际终点落在 2021，需单独授权读取后才能确定，本审计不推算、已实现 19/20 个自身交易日
boundary_anchor,sz.002324:2020-12-04,sz.002324,B1,2020-12-04,,19,,False,True,crosses_dev_boundary,True,False,,,该证券自该日起的 20 自身交易日窗跨入 2021：窗口不完整、保留并标记；实际终点落在 2021，需单独授权读取后才能确定，本审计不推算、已实现 19/20 个自身交易日
boundary_anchor,sz.002328:2020-12-04,sz.002328,B1,2020-12-04,,19,,False,True,crosses_dev_boundary,True,False,,,该证券自该日起的 20 自身交易日窗跨入 2021：窗口不完整、保留并标记；实际终点落在 2021，需单独授权读取后才能确定，本审计不推算、已实现 19/20 个自身交易日
boundary_anchor,sz.002333:2020-12-04,sz.002333,B1,2020-12-04,,19,,False,True,crosses_dev_boundary,True,False,,,该证券自该日起的 20 自身交易日窗跨入 2021：窗口不完整、保留并标记；实际终点落在 2021，需单独授权读取后才能确定，本审计不推算、已实现 19/20 个自身交易日
boundary_anchor,sz.002335:2020-12-04,sz.002335,B1,2020-12-04,,19,,False,True,crosses_dev_boundary,True,False,,,该证券自该日起的 20 自身交易日窗跨入 2021：窗口不完整、保留并标记；实际终点落在 2021，需单独授权读取后才能确定，本审计不推算、已实现 19/20 个自身交易日
boundary_anchor,sz.002353:2020-12-04,sz.002353,B1,2020-12-04,,19,,False,True,crosses_dev_boundary,True,False,,,该证券自该日起的 20 自身交易日窗跨入 2021：窗口不完整、保留并标记；实际终点落在 2021，需单独授权读取后才能确定，本审计不推算、已实现 19/20 个自身交易日
boundary_anchor,sz.002381:2020-12-04,sz.002381,B1,2020-12-04,,19,,False,True,crosses_dev_boundary,True,False,,,该证券自该日起的 20 自身交易日窗跨入 2021：窗口不完整、保留并标记；实际终点落在 2021，需单独授权读取后才能确定，本审计不推算、已实现 19/20 个自身交易日
boundary_anchor,sz.002384:2020-12-04,sz.002384,B1,2020-12-04,,19,,False,True,crosses_dev_boundary,True,False,,,该证券自该日起的 20 自身交易日窗跨入 2021：窗口不完整、保留并标记；实际终点落在 2021，需单独授权读取后才能确定，本审计不推算、已实现 19/20 个自身交易日
boundary_anchor,sz.002386:2020-12-04,sz.002386,B1,2020-12-04,,19,,False,True,crosses_dev_boundary,True,False,,,该证券自该日起的 20 自身交易日窗跨入 2021：窗口不完整、保留并标记；实际终点落在 2021，需单独授权读取后才能确定，本审计不推算、已实现 19/20 个自身交易日
boundary_anchor,sz.002398:2020-12-04,sz.002398,B1,2020-12-04,,19,,False,True,crosses_dev_boundary,True,False,,,该证券自该日起的 20 自身交易日窗跨入 2021：窗口不完整、保留并标记；实际终点落在 2021，需单独授权读取后才能确定，本审计不推算、已实现 19/20 个自身交易日
boundary_anchor,sz.002405:2020-12-04,sz.002405,B1,2020-12-04,,19,,False,True,crosses_dev_boundary,True,False,,,该证券自该日起的 20 自身交易日窗跨入 2021：窗口不完整、保留并标记；实际终点落在 2021，需单独授权读取后才能确定，本审计不推算、已实现 19/20 个自身交易日
boundary_anchor,sz.002409:2020-12-04,sz.002409,B1,2020-12-04,,19,,False,True,crosses_dev_boundary,True,False,,,该证券自该日起的 20 自身交易日窗跨入 2021：窗口不完整、保留并标记；实际终点落在 2021，需单独授权读取后才能确定，本审计不推算、已实现 19/20 个自身交易日
boundary_anchor,sz.002414:2020-12-04,sz.002414,B1,2020-12-04,,19,,False,True,crosses_dev_boundary,True,False,,,该证券自该日起的 20 自身交易日窗跨入 2021：窗口不完整、保留并标记；实际终点落在 2021，需单独授权读取后才能确定，本审计不推算、已实现 19/20 个自身交易日
boundary_anchor,sz.002429:2020-12-04,sz.002429,B1,2020-12-04,,19,,False,True,crosses_dev_boundary,True,False,,,该证券自该日起的 20 自身交易日窗跨入 2021：窗口不完整、保留并标记；实际终点落在 2021，需单独授权读取后才能确定，本审计不推算、已实现 19/20 个自身交易日
boundary_anchor,sz.002432:2020-12-04,sz.002432,B1,2020-12-04,,19,,False,True,crosses_dev_boundary,True,False,,,该证券自该日起的 20 自身交易日窗跨入 2021：窗口不完整、保留并标记；实际终点落在 2021，需单独授权读取后才能确定，本审计不推算、已实现 19/20 个自身交易日
boundary_anchor,sz.002437:2020-12-04,sz.002437,B1,2020-12-04,,19,,False,True,crosses_dev_boundary,True,False,,,该证券自该日起的 20 自身交易日窗跨入 2021：窗口不完整、保留并标记；实际终点落在 2021，需单独授权读取后才能确定，本审计不推算、已实现 19/20 个自身交易日
boundary_anchor,sz.002458:2020-12-04,sz.002458,B1,2020-12-04,,19,,False,True,crosses_dev_boundary,True,False,,,该证券自该日起的 20 自身交易日窗跨入 2021：窗口不完整、保留并标记；实际终点落在 2021，需单独授权读取后才能确定，本审计不推算、已实现 19/20 个自身交易日
boundary_anchor,sz.002475:2020-12-04,sz.002475,B1,2020-12-04,,19,,False,True,crosses_dev_boundary,True,False,,,该证券自该日起的 20 自身交易日窗跨入 2021：窗口不完整、保留并标记；实际终点落在 2021，需单独授权读取后才能确定，本审计不推算、已实现 19/20 个自身交易日
boundary_anchor,sz.002481:2020-12-04,sz.002481,B1,2020-12-04,,19,,False,True,crosses_dev_boundary,True,False,,,该证券自该日起的 20 自身交易日窗跨入 2021：窗口不完整、保留并标记；实际终点落在 2021，需单独授权读取后才能确定，本审计不推算、已实现 19/20 个自身交易日
boundary_anchor,sz.002488:2020-12-04,sz.002488,B1,2020-12-04,,19,,False,True,crosses_dev_boundary,True,False,,,该证券自该日起的 20 自身交易日窗跨入 2021：窗口不完整、保留并标记；实际终点落在 2021，需单独授权读取后才能确定，本审计不推算、已实现 19/20 个自身交易日
boundary_anchor,sz.002489:2020-12-04,sz.002489,B1,2020-12-04,,19,,False,True,crosses_dev_boundary,True,False,,,该证券自该日起的 20 自身交易日窗跨入 2021：窗口不完整、保留并标记；实际终点落在 2021，需单独授权读取后才能确定，本审计不推算、已实现 19/20 个自身交易日
boundary_anchor,sz.002510:2020-12-04,sz.002510,B1,2020-12-04,,19,,False,True,crosses_dev_boundary,True,False,,,该证券自该日起的 20 自身交易日窗跨入 2021：窗口不完整、保留并标记；实际终点落在 2021，需单独授权读取后才能确定，本审计不推算、已实现 19/20 个自身交易日
boundary_anchor,sz.002512:2020-12-04,sz.002512,B1,2020-12-04,,19,,False,True,crosses_dev_boundary,True,False,,,该证券自该日起的 20 自身交易日窗跨入 2021：窗口不完整、保留并标记；实际终点落在 2021，需单独授权读取后才能确定，本审计不推算、已实现 19/20 个自身交易日
boundary_anchor,sz.002524:2020-12-04,sz.002524,B1,2020-12-04,,19,,False,True,crosses_dev_boundary,True,False,,,该证券自该日起的 20 自身交易日窗跨入 2021：窗口不完整、保留并标记；实际终点落在 2021，需单独授权读取后才能确定，本审计不推算、已实现 19/20 个自身交易日
boundary_anchor,sz.002544:2020-12-04,sz.002544,B1,2020-12-04,,19,,False,True,crosses_dev_boundary,True,False,,,该证券自该日起的 20 自身交易日窗跨入 2021：窗口不完整、保留并标记；实际终点落在 2021，需单独授权读取后才能确定，本审计不推算、已实现 19/20 个自身交易日
boundary_anchor,sz.002560:2020-12-04,sz.002560,B1,2020-12-04,,19,,False,True,crosses_dev_boundary,True,False,,,该证券自该日起的 20 自身交易日窗跨入 2021：窗口不完整、保留并标记；实际终点落在 2021，需单独授权读取后才能确定，本审计不推算、已实现 19/20 个自身交易日
boundary_anchor,sz.002571:2020-12-04,sz.002571,B1,2020-12-04,,19,,False,True,crosses_dev_boundary,True,False,,,该证券自该日起的 20 自身交易日窗跨入 2021：窗口不完整、保留并标记；实际终点落在 2021，需单独授权读取后才能确定，本审计不推算、已实现 19/20 个自身交易日
boundary_anchor,sz.002575:2020-12-04,sz.002575,B1,2020-12-04,,19,,False,True,crosses_dev_boundary,True,False,,,该证券自该日起的 20 自身交易日窗跨入 2021：窗口不完整、保留并标记；实际终点落在 2021，需单独授权读取后才能确定，本审计不推算、已实现 19/20 个自身交易日
boundary_anchor,sz.002585:2020-12-04,sz.002585,B1,2020-12-04,,19,,False,True,crosses_dev_boundary,True,False,,,该证券自该日起的 20 自身交易日窗跨入 2021：窗口不完整、保留并标记；实际终点落在 2021，需单独授权读取后才能确定，本审计不推算、已实现 19/20 个自身交易日
boundary_anchor,sz.002591:2020-12-04,sz.002591,B1,2020-12-04,,19,,False,True,crosses_dev_boundary,True,False,,,该证券自该日起的 20 自身交易日窗跨入 2021：窗口不完整、保留并标记；实际终点落在 2021，需单独授权读取后才能确定，本审计不推算、已实现 19/20 个自身交易日
boundary_anchor,sz.002592:2020-12-04,sz.002592,B1,2020-12-04,,19,,False,True,crosses_dev_boundary,True,False,,,该证券自该日起的 20 自身交易日窗跨入 2021：窗口不完整、保留并标记；实际终点落在 2021，需单独授权读取后才能确定，本审计不推算、已实现 19/20 个自身交易日
boundary_anchor,sz.002594:2020-12-04,sz.002594,B1,2020-12-04,,19,,False,True,crosses_dev_boundary,True,False,,,该证券自该日起的 20 自身交易日窗跨入 2021：窗口不完整、保留并标记；实际终点落在 2021，需单独授权读取后才能确定，本审计不推算、已实现 19/20 个自身交易日
boundary_anchor,sz.002605:2020-12-04,sz.002605,B1,2020-12-04,,19,,False,True,crosses_dev_boundary,True,False,,,该证券自该日起的 20 自身交易日窗跨入 2021：窗口不完整、保留并标记；实际终点落在 2021，需单独授权读取后才能确定，本审计不推算、已实现 19/20 个自身交易日
boundary_anchor,sz.002607:2020-12-04,sz.002607,B1,2020-12-04,,19,,False,True,crosses_dev_boundary,True,False,,,该证券自该日起的 20 自身交易日窗跨入 2021：窗口不完整、保留并标记；实际终点落在 2021，需单独授权读取后才能确定，本审计不推算、已实现 19/20 个自身交易日
boundary_anchor,sz.002612:2020-12-04,sz.002612,B1,2020-12-04,,19,,False,True,crosses_dev_boundary,True,False,,,该证券自该日起的 20 自身交易日窗跨入 2021：窗口不完整、保留并标记；实际终点落在 2021，需单独授权读取后才能确定，本审计不推算、已实现 19/20 个自身交易日
boundary_anchor,sz.002628:2020-12-04,sz.002628,B1,2020-12-04,,19,,False,True,crosses_dev_boundary,True,False,,,该证券自该日起的 20 自身交易日窗跨入 2021：窗口不完整、保留并标记；实际终点落在 2021，需单独授权读取后才能确定，本审计不推算、已实现 19/20 个自身交易日
boundary_anchor,sz.002639:2020-12-04,sz.002639,B1,2020-12-04,,19,,False,True,crosses_dev_boundary,True,False,,,该证券自该日起的 20 自身交易日窗跨入 2021：窗口不完整、保留并标记；实际终点落在 2021，需单独授权读取后才能确定，本审计不推算、已实现 19/20 个自身交易日
boundary_anchor,sz.002669:2020-12-04,sz.002669,B1,2020-12-04,,19,,False,True,crosses_dev_boundary,True,False,,,该证券自该日起的 20 自身交易日窗跨入 2021：窗口不完整、保留并标记；实际终点落在 2021，需单独授权读取后才能确定，本审计不推算、已实现 19/20 个自身交易日
boundary_anchor,sz.002702:2020-12-04,sz.002702,B1,2020-12-04,,19,,False,True,crosses_dev_boundary,True,False,,,该证券自该日起的 20 自身交易日窗跨入 2021：窗口不完整、保留并标记；实际终点落在 2021，需单独授权读取后才能确定，本审计不推算、已实现 19/20 个自身交易日
boundary_anchor,sz.002703:2020-12-04,sz.002703,B1,2020-12-04,,19,,False,True,crosses_dev_boundary,True,False,,,该证券自该日起的 20 自身交易日窗跨入 2021：窗口不完整、保留并标记；实际终点落在 2021，需单独授权读取后才能确定，本审计不推算、已实现 19/20 个自身交易日
boundary_anchor,sz.002709:2020-12-04,sz.002709,B1,2020-12-04,,19,,False,True,crosses_dev_boundary,True,False,,,该证券自该日起的 20 自身交易日窗跨入 2021：窗口不完整、保留并标记；实际终点落在 2021，需单独授权读取后才能确定，本审计不推算、已实现 19/20 个自身交易日
boundary_anchor,sz.002725:2020-12-04,sz.002725,B1,2020-12-04,,19,,False,True,crosses_dev_boundary,True,False,,,该证券自该日起的 20 自身交易日窗跨入 2021：窗口不完整、保留并标记；实际终点落在 2021，需单独授权读取后才能确定，本审计不推算、已实现 19/20 个自身交易日
boundary_anchor,sz.002745:2020-12-04,sz.002745,B1,2020-12-04,,19,,False,True,crosses_dev_boundary,True,False,,,该证券自该日起的 20 自身交易日窗跨入 2021：窗口不完整、保留并标记；实际终点落在 2021，需单独授权读取后才能确定，本审计不推算、已实现 19/20 个自身交易日
boundary_anchor,sz.002755:2020-12-04,sz.002755,B1,2020-12-04,,19,,False,True,crosses_dev_boundary,True,False,,,该证券自该日起的 20 自身交易日窗跨入 2021：窗口不完整、保留并标记；实际终点落在 2021，需单独授权读取后才能确定，本审计不推算、已实现 19/20 个自身交易日
boundary_anchor,sz.002757:2020-12-04,sz.002757,B1,2020-12-04,,19,,False,True,crosses_dev_boundary,True,False,,,该证券自该日起的 20 自身交易日窗跨入 2021：窗口不完整、保留并标记；实际终点落在 2021，需单独授权读取后才能确定，本审计不推算、已实现 19/20 个自身交易日
boundary_anchor,sz.002803:2020-12-04,sz.002803,B1,2020-12-04,,19,,False,True,crosses_dev_boundary,True,False,,,该证券自该日起的 20 自身交易日窗跨入 2021：窗口不完整、保留并标记；实际终点落在 2021，需单独授权读取后才能确定，本审计不推算、已实现 19/20 个自身交易日
boundary_anchor,sz.002835:2020-12-04,sz.002835,B1,2020-12-04,,19,,False,True,crosses_dev_boundary,True,False,,,该证券自该日起的 20 自身交易日窗跨入 2021：窗口不完整、保留并标记；实际终点落在 2021，需单独授权读取后才能确定，本审计不推算、已实现 19/20 个自身交易日
boundary_anchor,sz.002847:2020-12-04,sz.002847,B1,2020-12-04,,19,,False,True,crosses_dev_boundary,True,False,,,该证券自该日起的 20 自身交易日窗跨入 2021：窗口不完整、保留并标记；实际终点落在 2021，需单独授权读取后才能确定，本审计不推算、已实现 19/20 个自身交易日
boundary_anchor,sz.002869:2020-12-04,sz.002869,B1,2020-12-04,,19,,False,True,crosses_dev_boundary,True,False,,,该证券自该日起的 20 自身交易日窗跨入 2021：窗口不完整、保留并标记；实际终点落在 2021，需单独授权读取后才能确定，本审计不推算、已实现 19/20 个自身交易日
boundary_anchor,sz.002882:2020-12-04,sz.002882,B1,2020-12-04,,19,,False,True,crosses_dev_boundary,True,False,,,该证券自该日起的 20 自身交易日窗跨入 2021：窗口不完整、保留并标记；实际终点落在 2021，需单独授权读取后才能确定，本审计不推算、已实现 19/20 个自身交易日
boundary_anchor,sz.002903:2020-12-04,sz.002903,B1,2020-12-04,,19,,False,True,crosses_dev_boundary,True,False,,,该证券自该日起的 20 自身交易日窗跨入 2021：窗口不完整、保留并标记；实际终点落在 2021，需单独授权读取后才能确定，本审计不推算、已实现 19/20 个自身交易日
boundary_anchor,sz.002916:2020-12-04,sz.002916,B1,2020-12-04,,19,,False,True,crosses_dev_boundary,True,False,,,该证券自该日起的 20 自身交易日窗跨入 2021：窗口不完整、保留并标记；实际终点落在 2021，需单独授权读取后才能确定，本审计不推算、已实现 19/20 个自身交易日
boundary_anchor,sz.002919:2020-12-04,sz.002919,B1,2020-12-04,,19,,False,True,crosses_dev_boundary,True,False,,,该证券自该日起的 20 自身交易日窗跨入 2021：窗口不完整、保留并标记；实际终点落在 2021，需单独授权读取后才能确定，本审计不推算、已实现 19/20 个自身交易日
boundary_anchor,sz.002941:2020-12-04,sz.002941,B1,2020-12-04,,19,,False,True,crosses_dev_boundary,True,False,,,该证券自该日起的 20 自身交易日窗跨入 2021：窗口不完整、保留并标记；实际终点落在 2021，需单独授权读取后才能确定，本审计不推算、已实现 19/20 个自身交易日
delisted_symbol,sh.600005:2017-02-14,sh.600005,B1,2017-02-14,,0,,False,False,terminated_no_recovery_quote,True,False,,,Dev 面板在该日之后无该证券行情：沙箱物理上不含其后续报价，禁止用后来年份报价强行结算；样本保留、标记不可评价
delisted_symbol,sh.600069:2020-08-27,sh.600069,B1,2020-08-27,,0,,False,False,terminated_no_recovery_quote,True,False,,,Dev 面板在该日之后无该证券行情：沙箱物理上不含其后续报价，禁止用后来年份报价强行结算；样本保留、标记不可评价
delisted_symbol,sh.600074:2020-06-02,sh.600074,B1,2020-06-02,,0,,False,False,terminated_no_recovery_quote,True,False,,,Dev 面板在该日之后无该证券行情：沙箱物理上不含其后续报价，禁止用后来年份报价强行结算；样本保留、标记不可评价
delisted_symbol,sh.600175:2020-08-14,sh.600175,B1,2020-08-14,,0,,False,False,terminated_no_recovery_quote,True,False,,,Dev 面板在该日之后无该证券行情：沙箱物理上不含其后续报价，禁止用后来年份报价强行结算；样本保留、标记不可评价
delisted_symbol,sh.600240:2020-02-05,sh.600240,B1,2020-02-05,,0,,False,False,terminated_no_recovery_quote,True,False,,,Dev 面板在该日之后无该证券行情：沙箱物理上不含其后续报价，禁止用后来年份报价强行结算；样本保留、标记不可评价
delisted_symbol,sh.600270:2018-12-28,sh.600270,B1,2018-12-28,,0,,False,False,terminated_no_recovery_quote,True,False,,,Dev 面板在该日之后无该证券行情：沙箱物理上不含其后续报价，禁止用后来年份报价强行结算；样本保留、标记不可评价
delisted_symbol,sh.600401:2019-07-12,sh.600401,B1,2019-07-12,,0,,False,False,terminated_no_recovery_quote,True,False,,,Dev 面板在该日之后无该证券行情：沙箱物理上不含其后续报价，禁止用后来年份报价强行结算；样本保留、标记不可评价
delisted_symbol,sh.600432:2018-07-13,sh.600432,B1,2018-07-13,,0,,False,False,terminated_no_recovery_quote,True,False,,,Dev 面板在该日之后无该证券行情：沙箱物理上不含其后续报价，禁止用后来年份报价强行结算；样本保留、标记不可评价
delisted_symbol,sh.600656:2016-05-13,sh.600656,B1,2016-05-13,,0,,False,False,terminated_no_recovery_quote,True,False,,,Dev 面板在该日之后无该证券行情：沙箱物理上不含其后续报价，禁止用后来年份报价强行结算；样本保留、标记不可评价
delisted_symbol,sh.600680:2019-05-24,sh.600680,B1,2019-05-24,,0,,False,False,terminated_no_recovery_quote,True,False,,,Dev 面板在该日之后无该证券行情：沙箱物理上不含其后续报价，禁止用后来年份报价强行结算；样本保留、标记不可评价
delisted_symbol,sh.600747:2019-12-12,sh.600747,B1,2019-12-12,,0,,False,False,terminated_no_recovery_quote,True,False,,,Dev 面板在该日之后无该证券行情：沙箱物理上不含其后续报价，禁止用后来年份报价强行结算；样本保留、标记不可评价
delisted_symbol,sh.600806:2018-07-13,sh.600806,B1,2018-07-13,,0,,False,False,terminated_no_recovery_quote,True,False,,,Dev 面板在该日之后无该证券行情：沙箱物理上不含其后续报价，禁止用后来年份报价强行结算；样本保留、标记不可评价
delisted_symbol,sh.600832:2015-05-20,sh.600832,B1,2015-05-20,,0,,False,False,terminated_no_recovery_quote,True,False,,,Dev 面板在该日之后无该证券行情：沙箱物理上不含其后续报价，禁止用后来年份报价强行结算；样本保留、标记不可评价
delisted_symbol,sh.601299:2015-05-20,sh.601299,B1,2015-05-20,,0,,False,False,terminated_no_recovery_quote,True,False,,,Dev 面板在该日之后无该证券行情：沙箱物理上不含其后续报价，禁止用后来年份报价强行结算；样本保留、标记不可评价
delisted_symbol,sh.601558:2020-07-02,sh.601558,B1,2020-07-02,,0,,False,False,terminated_no_recovery_quote,True,False,,,Dev 面板在该日之后无该证券行情：沙箱物理上不含其后续报价，禁止用后来年份报价强行结算；样本保留、标记不可评价
delisted_symbol,sz.000018:2020-01-07,sz.000018,B1,2020-01-07,,0,,False,False,terminated_no_recovery_quote,True,False,,,Dev 面板在该日之后无该证券行情：沙箱物理上不含其后续报价，禁止用后来年份报价强行结算；样本保留、标记不可评价
delisted_symbol,sz.000022:2018-12-26,sz.000022,B1,2018-12-26,,0,,False,False,terminated_no_recovery_quote,True,False,,,Dev 面板在该日之后无该证券行情：沙箱物理上不含其后续报价，禁止用后来年份报价强行结算；样本保留、标记不可评价
delisted_symbol,sz.000024:2015-12-30,sz.000024,B1,2015-12-30,,0,,False,False,terminated_no_recovery_quote,True,False,,,Dev 面板在该日之后无该证券行情：沙箱物理上不含其后续报价，禁止用后来年份报价强行结算；样本保留、标记不可评价
delisted_symbol,sz.000033:2017-07-07,sz.000033,B1,2017-07-07,,0,,False,False,terminated_no_recovery_quote,True,False,,,Dev 面板在该日之后无该证券行情：沙箱物理上不含其后续报价，禁止用后来年份报价强行结算；样本保留、标记不可评价
delisted_symbol,sz.000043:2019-12-16,sz.000043,B1,2019-12-16,,0,,False,False,terminated_no_recovery_quote,True,False,,,Dev 面板在该日之后无该证券行情：沙箱物理上不含其后续报价，禁止用后来年份报价强行结算；样本保留、标记不可评价
delisted_symbol,sz.000418:2019-06-21,sz.000418,B1,2019-06-21,,0,,False,False,terminated_no_recovery_quote,True,False,,,Dev 面板在该日之后无该证券行情：沙箱物理上不含其后续报价，禁止用后来年份报价强行结算；样本保留、标记不可评价
delisted_symbol,sz.000511:2018-07-18,sz.000511,B1,2018-07-18,,0,,False,False,terminated_no_recovery_quote,True,False,,,Dev 面板在该日之后无该证券行情：沙箱物理上不含其后续报价，禁止用后来年份报价强行结算；样本保留、标记不可评价
delisted_symbol,sz.000594:2015-07-13,sz.000594,B1,2015-07-13,,0,,False,False,terminated_no_recovery_quote,True,False,,,Dev 面板在该日之后无该证券行情：沙箱物理上不含其后续报价，禁止用后来年份报价强行结算；样本保留、标记不可评价
delisted_symbol,sz.000693:2019-07-09,sz.000693,B1,2019-07-09,,0,,False,False,terminated_no_recovery_quote,True,False,,,Dev 面板在该日之后无该证券行情：沙箱物理上不含其后续报价，禁止用后来年份报价强行结算；样本保留、标记不可评价
delisted_symbol,sz.000748:2017-01-18,sz.000748,B1,2017-01-18,,0,,False,False,terminated_no_recovery_quote,True,False,,,Dev 面板在该日之后无该证券行情：沙箱物理上不含其后续报价，禁止用后来年份报价强行结算；样本保留、标记不可评价
delisted_symbol,sz.000916:2017-12-25,sz.000916,B1,2017-12-25,,0,,False,False,terminated_no_recovery_quote,True,False,,,Dev 面板在该日之后无该证券行情：沙箱物理上不含其后续报价，禁止用后来年份报价强行结算；样本保留、标记不可评价
delisted_symbol,sz.000939:2020-12-17,sz.000939,B1,2020-12-17,,0,,False,False,terminated_no_recovery_quote,True,False,,,Dev 面板在该日之后无该证券行情：沙箱物理上不含其后续报价，禁止用后来年份报价强行结算；样本保留、标记不可评价
delisted_symbol,sz.000979:2018-12-28,sz.000979,B1,2018-12-28,,0,,False,False,terminated_no_recovery_quote,True,False,,,Dev 面板在该日之后无该证券行情：沙箱物理上不含其后续报价，禁止用后来年份报价强行结算；样本保留、标记不可评价
delisted_symbol,sz.002018:2019-11-01,sz.002018,B1,2019-11-01,,0,,False,False,terminated_no_recovery_quote,True,False,,,Dev 面板在该日之后无该证券行情：沙箱物理上不含其后续报价，禁止用后来年份报价强行结算；样本保留、标记不可评价
delisted_symbol,sz.002070:2019-07-09,sz.002070,B1,2019-07-09,,0,,False,False,terminated_no_recovery_quote,True,False,,,Dev 面板在该日之后无该证券行情：沙箱物理上不含其后续报价，禁止用后来年份报价强行结算；样本保留、标记不可评价
delisted_symbol,sz.002143:2019-11-29,sz.002143,B1,2019-11-29,,0,,False,False,terminated_no_recovery_quote,True,False,,,Dev 面板在该日之后无该证券行情：沙箱物理上不含其后续报价，禁止用后来年份报价强行结算；样本保留、标记不可评价
delisted_symbol,sz.002220:2020-08-11,sz.002220,B1,2020-08-11,,0,,False,False,terminated_no_recovery_quote,True,False,,,Dev 面板在该日之后无该证券行情：沙箱物理上不含其后续报价，禁止用后来年份报价强行结算；样本保留、标记不可评价
delisted_symbol,sz.002477:2019-10-16,sz.002477,B1,2019-10-16,,0,,False,False,terminated_no_recovery_quote,True,False,,,Dev 面板在该日之后无该证券行情：沙箱物理上不含其后续报价，禁止用后来年份报价强行结算；样本保留、标记不可评价
delisted_symbol,sz.002509:2020-07-20,sz.002509,B1,2020-07-20,,0,,False,False,terminated_no_recovery_quote,True,False,,,Dev 面板在该日之后无该证券行情：沙箱物理上不含其后续报价，禁止用后来年份报价强行结算；样本保留、标记不可评价
delisted_symbol,sz.002604:2020-07-15,sz.002604,B1,2020-07-15,,0,,False,False,terminated_no_recovery_quote,True,False,,,Dev 面板在该日之后无该证券行情：沙箱物理上不含其后续报价，禁止用后来年份报价强行结算；样本保留、标记不可评价
delisted_symbol,sz.002680:2019-11-27,sz.002680,B1,2019-11-27,,0,,False,False,terminated_no_recovery_quote,True,False,,,Dev 面板在该日之后无该证券行情：沙箱物理上不含其后续报价，禁止用后来年份报价强行结算；样本保留、标记不可评价
delisted_symbol,sz.300028:2020-08-03,sz.300028,B1,2020-08-03,,0,,False,False,terminated_no_recovery_quote,True,False,,,Dev 面板在该日之后无该证券行情：沙箱物理上不含其后续报价，禁止用后来年份报价强行结算；样本保留、标记不可评价
delisted_symbol,sz.300090:2020-08-25,sz.300090,B1,2020-08-25,,0,,False,False,terminated_no_recovery_quote,True,False,,,Dev 面板在该日之后无该证券行情：沙箱物理上不含其后续报价，禁止用后来年份报价强行结算；样本保留、标记不可评价
delisted_symbol,sz.300104:2020-07-21,sz.300104,B1,2020-07-21,,0,,False,False,terminated_no_recovery_quote,True,False,,,Dev 面板在该日之后无该证券行情：沙箱物理上不含其后续报价，禁止用后来年份报价强行结算；样本保留、标记不可评价
delisted_symbol,sz.300156:2020-08-25,sz.300156,B1,2020-08-25,,0,,False,False,terminated_no_recovery_quote,True,False,,,Dev 面板在该日之后无该证券行情：沙箱物理上不含其后续报价，禁止用后来年份报价强行结算；样本保留、标记不可评价
delisted_symbol,sz.300186:2015-11-02,sz.300186,B1,2015-11-02,,0,,False,False,terminated_no_recovery_quote,True,False,,,Dev 面板在该日之后无该证券行情：沙箱物理上不含其后续报价，禁止用后来年份报价强行结算；样本保留、标记不可评价
delisted_symbol,sz.300216:2020-09-16,sz.300216,B1,2020-09-16,,0,,False,False,terminated_no_recovery_quote,True,False,,,Dev 面板在该日之后无该证券行情：沙箱物理上不含其后续报价，禁止用后来年份报价强行结算；样本保留、标记不可评价
delisted_symbol,sz.300372:2017-08-28,sz.300372,B1,2017-08-28,,0,,False,False,terminated_no_recovery_quote,True,False,,,Dev 面板在该日之后无该证券行情：沙箱物理上不含其后续报价，禁止用后来年份报价强行结算；样本保留、标记不可评价
delisted_symbol,sz.300431:2020-11-10,sz.300431,B1,2020-11-10,,0,,False,False,terminated_no_recovery_quote,True,False,,,Dev 面板在该日之后无该证券行情：沙箱物理上不含其后续报价，禁止用后来年份报价强行结算；样本保留、标记不可评价
summary,b1_events_total,,,,102,,,,,,,,,,summary
summary,market_sessions_with_window_crossing_dev_boundary,,,,20,,,,,,,,,,summary
summary,b1_windows_complete,,,,102,,,,,,,,,,summary
summary,b1_windows_censored,,,,0,,,,,,,,,,summary
summary,b1_windows_crossing_dev_boundary,,,,0,,,,,,,,,,summary
summary,b1_windows_ended_by_panel_end,,,,0,,,,,,,,,,summary
summary,b1_windows_missing_label,,,,0,,,,,,,,,,summary
summary,b1_label_end_mismatch_vs_archived,,,,0,,,,,,,,,,summary
summary,b1_events_anchored_2020_12,,,,0,,,,,,,,,,summary
summary,boundary_anchor_symbols,,,,86,,,,,,,,,,summary
summary,dev_market_sessions,,,,1462,,,,,,,,,,summary
summary,delisted_symbols_in_dev,,,,44,,,,,,,,,,summary
summary,dev_daily_symbols,,,,4187,,,,,,,,,,summary
summary,last_dev_market_session,,,,2020-12-31,,,,,,,,,,summary
summary,deleted_samples,,,,0,,,,,,,,,,summary
summary,out,,,,docs/evidence/trust-rebuild/20260922T020344-trust-c1-479c46/censoring_audit.csv,,,,,,,,,,summary
