factor,A01,A02,A05,A09,A10,A17,A18,A19,A20,A21,A22,A23,A24,A25,B09,B10,B11,B12,B14,B15,C01,C11,C12,C19,D07,D08,D09,D10,D12,D13,D14,D17,D18,D19,D20,D21,D25,D30,E16,F02,F06,F09,F10
A01,1.0,0.5052011277989747,0.8192013783289428,0.43601938333262774,0.6309854440466329,0.14048777839943646,0.5239061739793398,-0.0693333289030393,0.1861189448849087,0.6559752755291477,0.43804266613812715,0.7768964381395623,0.7341250655776221,-0.2844484678497257,0.0715629676401978,-0.04477629762836319,0.11508033709595217,0.4138227489470144,-0.13622178606831076,0.9846488468033566,0.849934913397071,0.9688127652404616,0.9668504128212417,0.47026582314741094,0.04799654754610177,0.05523422007828722,0.09153262825449165,0.045969639900313615,0.07975689545851018,0.08221957784180728,0.04639038129095028,0.030763975351248248,0.04805754285121954,0.024891193209044944,0.059696334235097244,0.09947749021077618,0.006388252225672137,0.05614838491045085,-0.016513874925560265,-0.0766151275859036,0.15399862688011998,0.8175328210194525,0.013564010045259816
A02,0.5052011277989747,1.0,0.41096396565690013,0.23512131032647135,0.34966884045804997,0.2746911944242357,0.33239781451864164,-0.18619995545701962,0.12935121954646286,0.326761838691038,0.22838267042270965,0.4030633455432043,0.7518778642231908,-0.5319030832423619,0.15362408648620665,0.0730843161901391,0.16520764377385613,0.38248168775399266,-0.2124459053967799,0.5007496652767379,0.43495812673339945,0.4905010600639568,0.506126473971695,0.276212804854686,0.06673778846732199,0.0787073255195991,0.1365928099241039,0.062025854978289226,0.15090668887890987,0.15846575215810207,0.08511241225422557,0.04316903739393517,0.07043529170766058,0.03849714247940371,0.10919348798168622,0.17716902797285344,0.018130221601056633,0.08158022934491058,-0.040427167723588155,-0.10166733551501625,0.33938204480657885,0.47040847602338226,0.2214589957385595
A05,0.8192013783289428,0.41096396565690013,1.0,-0.05533185517979847,0.30825748804720704,0.16538176983385944,0.41848268429915864,-0.07538559023120311,0.13741174606657308,0.5368772433145748,0.33721186234011424,0.43624061889445115,0.5580768875374825,-0.27033697752851293,0.12770899397512409,0.007647277745095628,0.15781877358210877,0.33496361983361556,-0.09917284170766795,0.8066963219169909,0.7017777036739552,0.7993245884263837,0.7964887694800953,0.3835866449144248,0.025858601593645187,0.03202460095256879,0.050816745104630696,0.027131770343701112,0.04704844709506914,0.05200664502649346,0.029687181415728823,0.017744563070103976,0.032827026459383984,0.018452766586560237,0.03689274877651804,0.06353242387485952,0.006956252760333398,0.03075023540309745,-0.025750705042959118,-0.04999779294739179,0.13581738281869618,0.7045065665501582,0.050358595730862925
A09,0.43601938333262774,0.23512131032647135,-0.05533185517979847,1.0,0.6511215683646712,-0.03305690350782613,0.262999058001793,0.006202802696611665,0.07168336417844613,0.3365906191806383,0.23859716889486632,0.6912764195629894,0.39777895258895096,-0.07710384824901532,-0.08465137246639731,-0.09884974370448436,-0.0672811827754502,0.1934088655209395,-0.0798150830781196,0.4304489271740275,0.38032815703073947,0.4147527910491956,0.41465328670086,0.2428965442551473,0.045512476737693805,0.05057269181070357,0.09491453980729239,0.04919491355811177,0.07553109444805273,0.07079034010553414,0.03793842568214099,0.03307717905012125,0.04190821022389042,0.015657034887306676,0.05505820874095065,0.08715990754701879,0.0011061839146016732,0.054814697695005014,0.011931916424645923,-0.0533858746282988,0.018881615621585284,0.33479191104809924,-0.07587552736098223
A10,0.6309854440466329,0.34966884045804997,0.30825748804720704,0.6511215683646712,1.0,0.013796844202760738,0.4347978207382218,-0.012921466904644411,0.13610081010957858,0.45147457824716863,0.38346376804615107,0.8649895341522273,0.5490781302548651,-0.16577895941295437,-0.05168214984819217,-0.0971768201020926,-0.019927864203100446,0.33182840509008416,-0.10153801520192035,0.6213876402221391,0.5443044384883609,0.6059300594330984,0.6052497005946673,0.3402205823132633,0.05049869468982919,0.05677760113417661,0.09881833057249752,0.05273808381312004,0.07488504792171984,0.07496265834180764,0.04021112334212098,0.028910069568319614,0.0448021647054546,0.02036505424786391,0.051344161926081024,0.09107264469632978,0.0027412386583889406,0.05982028439581565,0.008562377030317701,-0.07661479503372928,0.0765898607905812,0.510182545658875,-0.06318658073152897
A17,0.14048777839943646,0.2746911944242357,0.16538176983385944,-0.03305690350782613,0.013796844202760738,1.0,0.2031311928034551,-0.8749328990289847,0.10490366727030981,0.08275986173830208,0.1856781327613946,0.02732528373498474,0.19352514137296453,-0.26657150520474204,0.42651867779827485,0.3362660539027917,0.38762779989487234,0.30064659242060265,-0.567705576257101,0.141465637926523,0.18395432863635966,0.14461216311179126,0.17151792962777682,-0.057845155862065616,-0.0027195978104991173,0.014209059299373909,0.17084735057313502,0.0658406887391144,0.16116130324127795,0.12149404782094361,0.0574603640076936,-0.08902509862152504,0.0513492382350673,0.018881175784626638,0.13017525564049,0.12784106319147914,-0.025202399745188418,0.029771139468663076,-0.11836990619303363,0.11706280982226228,0.23482897626393479,0.19352905535201867,0.4124428048746117
A18,0.5239061739793398,0.33239781451864164,0.41848268429915864,0.262999058001793,0.4347978207382218,0.2031311928034551,1.0,-0.0892934694921343,0.0748790956946493,0.3590014649161779,0.9771143441467828,0.46110505585926975,0.4957886030269011,-0.24456463680591656,0.13132687588592268,-0.09897139059952106,0.18878990395454934,0.8440035467702943,-0.12287902838722406,0.5170182815689299,0.4410216183841699,0.5063558635264225,0.519561773515544,0.2994123902818369,0.034293262258897304,0.041636518269694146,0.10014634805710348,0.06903837192766756,0.0685928878837094,0.05832415744289241,0.029477752583340674,0.022599854206249277,0.042075406554787635,0.014174251935119906,0.05447766407432512,0.0801624462324377,0.0035070534502891623,0.04741999054024906,-0.01477150609940087,-0.0805357295324405,0.05936579657253492,0.4735523217300075,-0.022049279208228297
A19,-0.0693333289030393,-0.18619995545701962,-0.07538559023120311,0.006202802696611665,-0.012921466904644411,-0.8749328990289847,-0.0892934694921343,1.0,-0.0004859840817428414,-0.027638548972848464,-0.06805861840165424,-0.0224126858669681,-0.12953298924553913,0.14599686991824998,-0.13702734009361922,-0.09724799904901323,-0.0737273782110873,-0.15755237555685722,0.5627930235216678,-0.06811414413021823,-0.08084528681164245,-0.06504479422493091,-0.0794760052320774,0.09091421833904585,-0.04829825917003435,-0.05931597792461098,-0.24440273050374245,-0.10447998946974608,-0.16873633555008002,-0.13095277185086265,-0.06307543611400496,0.09502032708003914,-0.0527447905817606,-0.017775587828744308,-0.11432943480505368,-0.1390347458150768,0.05209217744139064,-0.08082503073841227,-0.00414841456440838,0.012952992713353793,-0.1438427478509268,-0.08488207550164494,-0.09495235017598583
A20,0.1861189448849087,0.12935121954646286,0.13741174606657308,0.07168336417844613,0.13610081010957858,0.10490366727030981,0.0748790956946493,-0.0004859840817428414,1.0,0.18516524278490748,0.053177517263761076,0.1717863860672973,0.21551662952564468,-0.0815691173321149,0.2220591929198589,0.16504855715920455,0.3329989997343439,0.1022005189008365,0.07141990961865491,0.18529592626229402,0.18429614006510114,0.1781068680544807,0.19672930987987725,0.03639176888477327,-0.042117415177615906,-0.0519393564045821,-0.12428232311344362,-0.11041515833436029,-0.03980112000361994,-0.019211291016078897,-0.019983101581285894,-0.031192374850636917,-0.03679240623992606,-0.01066161759485639,-0.03494884445407538,-0.030128314572598625,-0.0008611891137886609,-0.05684555374757226,-0.05151833275863934,0.09623467113859811,0.17555944168475116,0.20537647510528725,0.12118078732846488
A21,0.6559752755291477,0.326761838691038,0.5368772433145748,0.3365906191806383,0.45147457824716863,0.08275986173830208,0.3590014649161779,-0.027638548972848464,0.18516524278490748,1.0,0.305072938504366,0.5402967009968764,0.4836441020860398,-0.1911280714873752,0.11140861598619535,0.03366530047038377,0.1344747833447288,0.28030274918617015,-0.04753175622956627,0.6463595122533914,0.5932353811832596,0.6311512414020173,0.6389912296200049,0.3847549573712168,0.01497905543480173,0.01749970381158488,0.02266104330399877,0.01692280791859233,0.040554460476291736,0.047736740034168904,0.023917561067783675,0.01670930487728524,0.0201649024255545,0.017373989337946535,0.03060325476321724,0.0579946196757766,0.003154074555784689,0.019492766047433163,-0.04111612340623573,0.006588375160570314,-0.017709698223076813,0.590565001457576,0.0194557767621541
A22,0.43804266613812715,0.22838267042270965,0.33721186234011424,0.23859716889486632,0.38346376804615107,0.1856781327613946,0.9771143441467828,-0.06805861840165424,0.053177517263761076,0.305072938504366,1.0,0.38466925390833834,0.3565723724984425,-0.1907467823935811,0.1392854568290381,-0.08487454480608612,0.1960175857230495,0.8329404902236871,-0.09950276125930332,0.43131634554735887,0.3686503663025948,0.42375759137487645,0.43630128705384563,0.2565494175652585,0.022013833186555306,0.027760130790682024,0.08636543092473668,0.07034994063129009,0.05414019585245922,0.0385697488380086,0.01941661190056621,0.01832694705160937,0.03061876779513528,0.008749607078937587,0.04535043700320636,0.061811584800667826,-0.000760761904948233,0.03301880427391725,-0.0028488528303426083,-0.06353568359099995,0.03056595660133289,0.39956496968182514,-0.019795200659837295
A23,0.7768964381395623,0.4030633455432043,0.43624061889445115,0.6912764195629894,0.8649895341522273,0.02732528373498474,0.46110505585926975,-0.0224126858669681,0.1717863860672973,0.5402967009968764,0.38466925390833834,1.0,0.6888443135524791,-0.19510097875920615,-0.049405878623258966,-0.1103063352005198,-0.01617740008937581,0.34795334824216745,-0.10830102129142813,0.7700838093950477,0.6647020301268796,0.7462166140931956,0.7427927345391236,0.3950340034734728,0.056228286319780364,0.06221604339179135,0.1005705362247741,0.04567248377690341,0.08102566951437075,0.08253875705046769,0.044356111816195705,0.029551213174646915,0.04726196874728542,0.022849640240116584,0.055595715012137274,0.10118467929857482,0.0037059082945388685,0.06582143546363908,-0.005538880773890019,-0.08941504579317208,0.09564960435688728,0.6241928589410626,-0.07320074653009724
A24,0.7341250655776221,0.7518778642231908,0.5580768875374825,0.39777895258895096,0.5490781302548651,0.19352514137296453,0.4957886030269011,-0.12953298924553913,0.21551662952564468,0.4836441020860398,0.3565723724984425,0.6888443135524791,1.0,-0.43879479885273887,0.07475826510725152,-0.05343196249196797,0.11134999978111475,0.43169337554107545,-0.1535199469609882,0.7281995258601431,0.6285859806645501,0.7082182194733352,0.7165991106990081,0.376823329808398,0.07324126144377151,0.08345987687575482,0.11237206579364563,0.03879810397379851,0.111710212813862,0.12660551903298514,0.06945807416780021,0.03432884909406039,0.06395642518797814,0.03653660728761567,0.07356377637685867,0.14290702443731618,0.012984004079178723,0.08763002338336734,-0.04078026978456051,-0.10780384100640553,0.226463881125763,0.6374168033829076,0.042595834386683594
A25,-0.2844484678497257,-0.5319030832423619,-0.27033697752851293,-0.07710384824901532,-0.16577895941295437,-0.26657150520474204,-0.24456463680591656,0.14599686991824998,-0.0815691173321149,-0.1911280714873752,-0.1907467823935811,-0.19510097875920615,-0.43879479885273887,1.0,-0.2220564205985188,-0.14671214503809676,-0.22490413870968948,-0.3128721393296919,0.15093008610694011,-0.28299907318557765,-0.24904158347382674,-0.2785431217944821,-0.2921866037718041,-0.18184404432370446,-0.05494137018091778,-0.07235101388475694,-0.12455865528544909,-0.06961242037217492,-0.11626373264301136,-0.12295012563226826,-0.06270413344019855,-0.04855476617918768,-0.07641196064384276,-0.031512997107493584,-0.08690809797055093,-0.13018165886545466,-0.016931399085737243,-0.07423577747207925,0.049228454806632085,0.055237990524475,-0.21169523099532464,-0.29455232827396866,-0.25680760072712705
B09,0.0715629676401978,0.15362408648620665,0.12770899397512409,-0.08465137246639731,-0.05168214984819217,0.42651867779827485,0.13132687588592268,-0.13702734009361922,0.2220591929198589,0.11140861598619535,0.1392854568290381,-0.049405878623258966,0.07475826510725152,-0.2220564205985188,1.0,0.932851869304353,0.9371408049889559,0.22366200997583865,-0.057069213776469806,0.0777865957334917,0.14478430352571128,0.0787418687541969,0.1233307701849766,-0.007842468491569343,-0.10789079462054277,-0.09586399032233375,-0.08253947502828786,-0.04051917417990917,0.06422508305566202,0.0236400331352557,0.0004957733554593217,0.04423429645310308,0.01975516592113873,0.006648543958524169,0.09665708735064797,0.04340962625038327,0.05099967180583283,-0.10514859285472405,-0.32215777735807366,0.39693754303877316,0.12142077092846906,0.1978103224384279,0.6694811243322347
B10,-0.04477629762836319,0.0730843161901391,0.007647277745095628,-0.09884974370448436,-0.0971768201020926,0.3362660539027917,-0.09897139059952106,-0.09724799904901323,0.16504855715920455,0.03366530047038377,-0.08487454480608612,-0.1103063352005198,-0.05343196249196797,-0.14671214503809676,0.932851869304353,1.0,0.8331751339335172,0.005163112612161989,-0.04034369975812221,-0.03663592264512134,0.04880124338060432,-0.03638582483294959,0.006294385950281869,-0.07448477895883551,-0.11642010882391064,-0.10466643217575666,-0.09861041311465714,-0.05272803692824493,0.05810051298308409,0.01458223897428725,-0.002627152780317482,0.04598773405945005,0.012808711403651852,0.005751984393681425,0.09338383550976238,0.03189664039519328,0.05034800409169084,-0.11572702655506137,-0.3302995708646436,0.43322543667614527,0.09575322052659031,0.07873773388093766,0.6891702604699242
B11,0.11508033709595217,0.16520764377385613,0.15781877358210877,-0.0672811827754502,-0.019927864203100446,0.38762779989487234,0.18878990395454934,-0.0737273782110873,0.3329989997343439,0.1344747833447288,0.1960175857230495,-0.01617740008937581,0.11134999978111475,-0.22490413870968948,0.9371408049889559,0.8331751339335172,1.0,0.27482817360877193,-0.020009828139123047,0.12006924643535807,0.17128653632656196,0.12452260611603834,0.1637611785698913,0.02000830898426875,-0.10562745117281098,-0.09815658618156824,-0.11683322327942242,-0.06913525937483289,0.02567758783093275,-0.006365383193331455,-0.012944996177076602,0.03222129007807973,0.006312260057787255,-0.0011064303582334239,0.0635193492898524,0.009710340959138608,0.04422881867209454,-0.10949272514729971,-0.2907012453277365,0.33281022981645714,0.16498863169147313,0.2355676742653801,0.6364963543940546
B12,0.4138227489470144,0.38248168775399266,0.33496361983361556,0.1934088655209395,0.33182840509008416,0.30064659242060265,0.8440035467702943,-0.15755237555685722,0.1022005189008365,0.28030274918617015,0.8329404902236871,0.34795334824216745,0.43169337554107545,-0.3128721393296919,0.22366200997583865,0.005163112612161989,0.27482817360877193,1.0,-0.09971571946287175,0.4077636062673731,0.35374917334735717,0.4025384933397095,0.42165642586518004,0.2490707782277946,0.028572164432019705,0.0338604840711126,0.0773656149438947,0.05692930333328197,0.05157520237746262,0.05886979471328129,0.023877448506906488,0.010966958025113473,0.0322159024472563,0.011799778221619697,0.03731794538692346,0.06487953883588811,0.01518715418372445,0.04154223824530985,-0.012538239110809611,-0.09871132206542602,0.1512362319414841,0.4079242616412971,0.14247727430647578
B14,-0.13622178606831076,-0.2124459053967799,-0.09917284170766795,-0.0798150830781196,-0.10153801520192035,-0.567705576257101,-0.12287902838722406,0.5627930235216678,0.07141990961865491,-0.04753175622956627,-0.09950276125930332,-0.10830102129142813,-0.1535199469609882,0.15093008610694011,-0.057069213776469806,-0.04034369975812221,-0.020009828139123047,-0.09971571946287175,1.0,-0.13718197779506236,-0.13035489311888307,-0.13412469273105204,-0.15540930572517006,0.0640329002317167,-0.05190161872403462,-0.08022110675309012,-0.3063392923145194,0.040447671426462224,-0.21009512786533086,-0.11295791024918969,-0.07239752699117553,-0.043584278043140086,-0.11136664793471295,-0.018457722893843103,-0.20209187511566687,-0.19274816499654818,-0.028166989935422097,-0.06386164451210793,0.11564350099227545,0.05745521104145167,-0.19178718315012128,-0.10791923833770443,-0.2253108292013209
B15,0.9846488468033566,0.5007496652767379,0.8066963219169909,0.4304489271740275,0.6213876402221391,0.141465637926523,0.5170182815689299,-0.06811414413021823,0.18529592626229402,0.6463595122533914,0.43131634554735887,0.7700838093950477,0.7281995258601431,-0.28299907318557765,0.0777865957334917,-0.03663592264512134,0.12006924643535807,0.4077636062673731,-0.13718197779506236,1.0,0.8387138336404318,0.9542201226471171,0.9523072882795631,0.4600202941972636,0.04410538271277142,0.05148111600271429,0.08731423674224205,0.04194644818845164,0.084377411887843,0.08676150319676365,0.04756352933457179,0.02531463425374183,0.04816944491816271,0.02590497024058196,0.06478562917792315,0.10228321819628695,0.010713914839245994,0.0528204590386604,-0.0331511688301513,-0.07214574628794236,0.15434716562584688,0.8057413916003794,0.02268562563626615
C01,0.849934913397071,0.43495812673339945,0.7017777036739552,0.38032815703073947,0.5443044384883609,0.18395432863635966,0.4410216183841699,-0.08084528681164245,0.18429614006510114,0.5932353811832596,0.3686503663025948,0.6647020301268796,0.6285859806645501,-0.24904158347382674,0.14478430352571128,0.04880124338060432,0.17128653632656196,0.35374917334735717,-0.13035489311888307,0.8387138336404318,1.0,0.8242614365517921,0.8305308182595578,0.22032912829537138,0.025345070355077153,0.030088081101698385,0.06055056732061536,0.0345079253060291,0.06537223057916947,0.06913325844742248,0.03808473780573054,0.02512549185829838,0.02887219774743466,0.024326315217507666,0.05956768147786113,0.08518317065299724,0.011906637234170458,0.03222473906382435,-0.0481732982183066,0.024135053075893458,0.13843532689659402,0.6587436572308323,0.09244243466748117
C11,0.9688127652404616,0.4905010600639568,0.7993245884263837,0.4147527910491956,0.6059300594330984,0.14461216311179126,0.5063558635264225,-0.06504479422493091,0.1781068680544807,0.6311512414020173,0.42375759137487645,0.7462166140931956,0.7082182194733352,-0.2785431217944821,0.0787418687541969,-0.03638582483294959,0.12452260611603834,0.4025384933397095,-0.13412469273105204,0.9542201226471171,0.8242614365517921,1.0,0.9156789583955628,0.45775955363690796,0.042843839808803526,0.05147420862328971,0.08738501640488845,0.046021138197634884,0.07712013581948848,0.08010252210886323,0.047391869736223904,0.025317085022682293,0.05196145330067392,0.02326218839993178,0.054642828612021944,0.09485508461210976,0.0070750972346747135,0.054167497026461744,-0.01636420069905152,-0.07602293319730909,0.16616924189558724,0.7990347885801374,0.03131642262917731
C12,0.9668504128212417,0.506126473971695,0.7964887694800953,0.41465328670086,0.6052497005946673,0.17151792962777682,0.519561773515544,-0.0794760052320774,0.19672930987987725,0.6389912296200049,0.43630128705384563,0.7427927345391236,0.7165991106990081,-0.2921866037718041,0.1233307701849766,0.006294385950281869,0.1637611785698913,0.42165642586518004,-0.15540930572517006,0.9523072882795631,0.8305308182595578,0.9156789583955628,1.0,0.4454111135700375,0.041875098269838776,0.04868922720094144,0.09035872805205601,0.047189857128802186,0.08346153799775917,0.0821409776720605,0.04562065194309228,0.03856606569237466,0.043200859063625544,0.02700612232991591,0.06873471481208675,0.10097677732467497,0.008630763192625315,0.04757022426292443,-0.04330940488593256,-0.04469746718382797,0.15523777301275213,0.7988259798764434,0.06895912592142879
C19,0.47026582314741094,0.276212804854686,0.3835866449144248,0.2428965442551473,0.3402205823132633,-0.057845155862065616,0.2994123902818369,0.09091421833904585,0.03639176888477327,0.3847549573712168,0.2565494175652585,0.3950340034734728,0.376823329808398,-0.18184404432370446,-0.007842468491569343,-0.07448477895883551,0.02000830898426875,0.2490707782277946,0.0640329002317167,0.4600202941972636,0.22032912829537138,0.45775955363690796,0.4454111135700375,1.0,0.06283861114842444,0.06790395975374941,0.04052460452469588,0.019198376242086212,0.030393631617298356,0.04684542145112991,0.026173441761988395,0.04735981551004249,0.051641159886416835,0.019283652365139094,-0.004773581494411198,0.03909868240894032,-0.004957491034966001,0.06721426817894997,0.0368301652727272,-0.12356011360318929,-0.03881769378635238,0.5186827228914995,-0.061484365890763774
D07,0.04799654754610177,0.06673778846732199,0.025858601593645187,0.045512476737693805,0.05049869468982919,-0.0027195978104991173,0.034293262258897304,-0.04829825917003435,-0.042117415177615906,0.01497905543480173,0.022013833186555306,0.056228286319780364,0.07324126144377151,-0.05494137018091778,-0.10789079462054277,-0.11642010882391064,-0.10562745117281098,0.028572164432019705,-0.05190161872403462,0.04410538271277142,0.025345070355077153,0.042843839808803526,0.041875098269838776,0.06283861114842444,1.0,0.9229574580241949,0.2797404725576161,0.050197598616441845,0.10503787991248974,0.08280008947418974,0.07887648109575165,0.7218488252563645,0.043420074896206216,0.5260818322784798,-0.01270809878642168,0.11926148487480125,-0.08606909456726944,0.879891910945149,0.19692006807764442,-0.14937551968542095,0.002316437668374842,0.03309895465845897,-0.09317324167832206
D08,0.05523422007828722,0.0787073255195991,0.03202460095256879,0.05057269181070357,0.05677760113417661,0.014209059299373909,0.041636518269694146,-0.05931597792461098,-0.0519393564045821,0.01749970381158488,0.027760130790682024,0.06221604339179135,0.08345987687575482,-0.07235101388475694,-0.09586399032233375,-0.10466643217575666,-0.09815658618156824,0.0338604840711126,-0.08022110675309012,0.05148111600271429,0.030088081101698385,0.05147420862328971,0.04868922720094144,0.06790395975374941,0.9229574580241949,1.0,0.3250121906777039,0.061365316292478815,0.12132919696719534,0.09926562040688044,0.09928749753304866,0.685661276291351,0.18026912817973567,0.5411440077816141,-0.00914499452354006,0.12932924091002226,-0.09680921939657915,0.9403686387263281,0.21090771428147886,-0.14904510354961983,0.008570700427591211,0.0386285533817801,-0.0789951238488752
D09,0.09153262825449165,0.1365928099241039,0.050816745104630696,0.09491453980729239,0.09881833057249752,0.17084735057313502,0.10014634805710348,-0.24440273050374245,-0.12428232311344362,0.02266104330399877,0.08636543092473668,0.1005705362247741,0.11237206579364563,-0.12455865528544909,-0.08253947502828786,-0.09861041311465714,-0.11683322327942242,0.0773656149438947,-0.3063392923145194,0.08731423674224205,0.06055056732061536,0.08738501640488845,0.09035872805205601,0.04052460452469588,0.2797404725576161,0.3250121906777039,1.0,0.5499261120100837,0.38673980330508057,0.22974166433315393,0.16380505950911067,0.21611925899675108,0.3474590043650427,0.08016406244230749,0.2145943582384038,0.40263348371385993,-0.0658912787236587,0.34980771063898247,0.3378799613612443,-0.15360922459239462,0.020399800445139664,0.03637273347405681,-0.10922225912051114
D10,0.045969639900313615,0.062025854978289226,0.027131770343701112,0.04919491355811177,0.05273808381312004,0.0658406887391144,0.06903837192766756,-0.10447998946974608,-0.11041515833436029,0.01692280791859233,0.07034994063129009,0.04567248377690341,0.03879810397379851,-0.06961242037217492,-0.04051917417990917,-0.05272803692824493,-0.06913525937483289,0.05692930333328197,0.040447671426462224,0.04194644818845164,0.0345079253060291,0.046021138197634884,0.047189857128802186,0.019198376242086212,0.050197598616441845,0.061365316292478815,0.5499261120100837,1.0,0.05968066748382497,-0.031924464661482854,0.015067146622362412,0.066056349755494,0.07602432229141158,0.008757513471850099,0.05819050594035591,0.07509482264950189,-0.0697727703335352,0.15135318085310207,0.16583368453765024,-0.07085528019305813,-0.028907521383080458,0.012490956263058977,-0.08081366511954086
D12,0.07975689545851018,0.15090668887890987,0.04704844709506914,0.07553109444805273,0.07488504792171984,0.16116130324127795,0.0685928878837094,-0.16873633555008002,-0.03980112000361994,0.040554460476291736,0.05414019585245922,0.08102566951437075,0.111710212813862,-0.11626373264301136,0.06422508305566202,0.05810051298308409,0.02567758783093275,0.05157520237746262,-0.21009512786533086,0.084377411887843,0.06537223057916947,0.07712013581948848,0.08346153799775917,0.030393631617298356,0.10503787991248974,0.12132919696719534,0.38673980330508057,0.05968066748382497,1.0,0.8328315192561117,0.37077358195459065,0.059807609711687276,0.1429975030685283,0.12280259738012966,0.4466505006905087,0.7322912985504684,-0.033196942959428696,0.1116748137842226,-0.08158437907406678,-0.0153592510970583,0.03370706524727243,0.0486610161765966,0.048811713987819576
D13,0.08221957784180728,0.15846575215810207,0.05200664502649346,0.07079034010553414,0.07496265834180764,0.12149404782094361,0.05832415744289241,-0.13095277185086265,-0.019211291016078897,0.047736740034168904,0.0385697488380086,0.08253875705046769,0.12660551903298514,-0.12295012563226826,0.0236400331352557,0.01458223897428725,-0.006365383193331455,0.05886979471328129,-0.11295791024918969,0.08676150319676365,0.06913325844742248,0.08010252210886323,0.0821409776720605,0.04684542145112991,0.08280008947418974,0.09926562040688044,0.22974166433315393,-0.031924464661482854,0.8328315192561117,1.0,0.37937407626209513,0.022916157101136356,0.10545762965451355,0.12895863085843956,0.36233021606038324,0.6224317586257088,0.08003400340631651,0.08925777362433522,-0.0973461705642483,-0.02180662693529391,0.02169623965955345,0.05538104311344446,0.026686903868319036
D14,0.04639038129095028,0.08511241225422557,0.029687181415728823,0.03793842568214099,0.04021112334212098,0.0574603640076936,0.029477752583340674,-0.06307543611400496,-0.019983101581285894,0.023917561067783675,0.01941661190056621,0.044356111816195705,0.06945807416780021,-0.06270413344019855,0.0004957733554593217,-0.002627152780317482,-0.012944996177076602,0.023877448506906488,-0.07239752699117553,0.04756352933457179,0.03808473780573054,0.047391869736223904,0.04562065194309228,0.026173441761988395,0.07887648109575165,0.09928749753304866,0.16380505950911067,0.015067146622362412,0.37077358195459065,0.37937407626209513,1.0,0.04876147814638186,0.04883500317589245,0.11176305428330044,-0.021313001354633765,0.2935742261958621,-0.06756641630558397,0.08508480896773622,-0.019429645904164204,-0.024984502196247763,0.006743257689153953,0.02870381527421119,0.009309023633868981
D17,0.030763975351248248,0.04316903739393517,0.017744563070103976,0.03307717905012125,0.028910069568319614,-0.08902509862152504,0.022599854206249277,0.09502032708003914,-0.031192374850636917,0.01670930487728524,0.01832694705160937,0.029551213174646915,0.03432884909406039,-0.04855476617918768,0.04423429645310308,0.04598773405945005,0.03222129007807973,0.010966958025113473,-0.043584278043140086,0.02531463425374183,0.02512549185829838,0.025317085022682293,0.03856606569237466,0.04735981551004249,0.7218488252563645,0.685661276291351,0.21611925899675108,0.066056349755494,0.059807609711687276,0.022916157101136356,0.04876147814638186,1.0,-0.022502932003158622,0.34855953217204483,-0.036531513645468125,0.08398277081283481,-0.15669621987416035,0.6097771667977414,0.11209410897635765,-0.05690409993458788,-0.020458167362551728,0.03314254027601873,0.01193612136201274
D18,0.04805754285121954,0.07043529170766058,0.032827026459383984,0.04190821022389042,0.0448021647054546,0.0513492382350673,0.042075406554787635,-0.0527447905817606,-0.03679240623992606,0.0201649024255545,0.03061876779513528,0.04726196874728542,0.06395642518797814,-0.07641196064384276,0.01975516592113873,0.012808711403651852,0.006312260057787255,0.0322159024472563,-0.11136664793471295,0.04816944491816271,0.02887219774743466,0.05196145330067392,0.043200859063625544,0.051641159886416835,0.043420074896206216,0.18026912817973567,0.3474590043650427,0.07602432229141158,0.1429975030685283,0.10545762965451355,0.04883500317589245,-0.022502932003158622,1.0,0.05023856225537934,0.1616672532811355,0.15900087192538986,0.006988660245094995,0.16664274368619578,0.12390246805220419,-0.05218925130284727,0.016572972334267477,0.036650375924677146,0.003983415322094335
D19,0.024891193209044944,0.03849714247940371,0.018452766586560237,0.015657034887306676,0.02036505424786391,0.018881175784626638,0.014174251935119906,-0.017775587828744308,-0.01066161759485639,0.017373989337946535,0.008749607078937587,0.022849640240116584,0.03653660728761567,-0.031512997107493584,0.006648543958524169,0.005751984393681425,-0.0011064303582334239,0.011799778221619697,-0.018457722893843103,0.02590497024058196,0.024326315217507666,0.02326218839993178,0.02700612232991591,0.019283652365139094,0.5260818322784798,0.5411440077816141,0.08016406244230749,0.008757513471850099,0.12280259738012966,0.12895863085843956,0.11176305428330044,0.34855953217204483,0.05023856225537934,1.0,0.045513969806381345,0.10833438601449183,-0.005184100762061425,0.525803694401698,-0.0016033090765496872,-0.01167415325378588,-0.00017093991096357223,0.016101189393893354,0.011684149619361973
D20,0.059696334235097244,0.10919348798168622,0.03689274877651804,0.05505820874095065,0.051344161926081024,0.13017525564049,0.05447766407432512,-0.11432943480505368,-0.03494884445407538,0.03060325476321724,0.04535043700320636,0.055595715012137274,0.07356377637685867,-0.08690809797055093,0.09665708735064797,0.09338383550976238,0.0635193492898524,0.03731794538692346,-0.20209187511566687,0.06478562917792315,0.05956768147786113,0.054642828612021944,0.06873471481208675,-0.004773581494411198,-0.01270809878642168,-0.00914499452354006,0.2145943582384038,0.05819050594035591,0.4466505006905087,0.36233021606038324,-0.021313001354633765,-0.036531513645468125,0.1616672532811355,0.045513969806381345,1.0,0.4435139412227756,0.20395613461356193,-0.004884088842050281,-0.10257299648378133,0.010154642058442543,0.04902180736642776,0.03728260769271549,0.0931289942593316
D21,0.09947749021077618,0.17716902797285344,0.06353242387485952,0.08715990754701879,0.09107264469632978,0.12784106319147914,0.0801624462324377,-0.1390347458150768,-0.030128314572598625,0.0579946196757766,0.061811584800667826,0.10118467929857482,0.14290702443731618,-0.13018165886545466,0.04340962625038327,0.03189664039519328,0.009710340959138608,0.06487953883588811,-0.19274816499654818,0.10228321819628695,0.08518317065299724,0.09485508461210976,0.10097677732467497,0.03909868240894032,0.11926148487480125,0.12932924091002226,0.40263348371385993,0.07509482264950189,0.7322912985504684,0.6224317586257088,0.2935742261958621,0.08398277081283481,0.15900087192538986,0.10833438601449183,0.4435139412227756,1.0,-0.0015426166090846546,0.1189023571490637,-0.02717232113994579,-0.033207324861166246,0.042591549664478805,0.061753393528614836,0.028493266401630336
D25,0.006388252225672137,0.018130221601056633,0.006956252760333398,0.0011061839146016732,0.0027412386583889406,-0.025202399745188418,0.0035070534502891623,0.05209217744139064,-0.0008611891137886609,0.003154074555784689,-0.000760761904948233,0.0037059082945388685,0.012984004079178723,-0.016931399085737243,0.05099967180583283,0.05034800409169084,0.04422881867209454,0.01518715418372445,-0.028166989935422097,0.010713914839245994,0.011906637234170458,0.0070750972346747135,0.008630763192625315,-0.004957491034966001,-0.08606909456726944,-0.09680921939657915,-0.0658912787236587,-0.0697727703335352,-0.033196942959428696,0.08003400340631651,-0.06756641630558397,-0.15669621987416035,0.006988660245094995,-0.005184100762061425,0.20395613461356193,-0.0015426166090846546,1.0,-0.08756796508906114,-0.05454480435655779,0.0058975883201516826,0.014247430646829295,0.006498964312884731,0.05936474975769337
D30,0.05614838491045085,0.08158022934491058,0.03075023540309745,0.054814697695005014,0.05982028439581565,0.029771139468663076,0.04741999054024906,-0.08082503073841227,-0.05684555374757226,0.019492766047433163,0.03301880427391725,0.06582143546363908,0.08763002338336734,-0.07423577747207925,-0.10514859285472405,-0.11572702655506137,-0.10949272514729971,0.04154223824530985,-0.06386164451210793,0.0528204590386604,0.03222473906382435,0.054167497026461744,0.04757022426292443,0.06721426817894997,0.879891910945149,0.9403686387263281,0.34980771063898247,0.15135318085310207,0.1116748137842226,0.08925777362433522,0.08508480896773622,0.6097771667977414,0.16664274368619578,0.525803694401698,-0.004884088842050281,0.1189023571490637,-0.08756796508906114,1.0,0.20589847913551992,-0.15035059191699168,0.00590678624214296,0.03618155425082421,-0.09091345898273273
E16,-0.016513874925560265,-0.040427167723588155,-0.025750705042959118,0.011931916424645923,0.008562377030317701,-0.11836990619303363,-0.01477150609940087,-0.00414841456440838,-0.05151833275863934,-0.04111612340623573,-0.0028488528303426083,-0.005538880773890019,-0.04078026978456051,0.049228454806632085,-0.32215777735807366,-0.3302995708646436,-0.2907012453277365,-0.012538239110809611,0.11564350099227545,-0.0331511688301513,-0.0481732982183066,-0.01636420069905152,-0.04330940488593256,0.0368301652727272,0.19692006807764442,0.21090771428147886,0.3378799613612443,0.16583368453765024,-0.08158437907406678,-0.0973461705642483,-0.019429645904164204,0.11209410897635765,0.12390246805220419,-0.0016033090765496872,-0.10257299648378133,-0.02717232113994579,-0.05454480435655779,0.20589847913551992,1.0,-0.20890090233447525,-0.03342204921595467,-0.059140925092882865,-0.33456938086050425
F02,-0.0766151275859036,-0.10166733551501625,-0.04999779294739179,-0.0533858746282988,-0.07661479503372928,0.11706280982226228,-0.0805357295324405,0.012952992713353793,0.09623467113859811,0.006588375160570314,-0.06353568359099995,-0.08941504579317208,-0.10780384100640553,0.055237990524475,0.39693754303877316,0.43322543667614527,0.33281022981645714,-0.09871132206542602,0.05745521104145167,-0.07214574628794236,0.024135053075893458,-0.07602293319730909,-0.04469746718382797,-0.12356011360318929,-0.14937551968542095,-0.14904510354961983,-0.15360922459239462,-0.07085528019305813,-0.0153592510970583,-0.02180662693529391,-0.024984502196247763,-0.05690409993458788,-0.05218925130284727,-0.01167415325378588,0.010154642058442543,-0.033207324861166246,0.0058975883201516826,-0.15035059191699168,-0.20890090233447525,1.0,-0.06376861068594884,-0.03673509594589863,0.2631530241990856
F06,0.15399862688011998,0.33938204480657885,0.13581738281869618,0.018881615621585284,0.0765898607905812,0.23482897626393479,0.05936579657253492,-0.1438427478509268,0.17555944168475116,-0.017709698223076813,0.03056595660133289,0.09564960435688728,0.226463881125763,-0.21169523099532464,0.12142077092846906,0.09575322052659031,0.16498863169147313,0.1512362319414841,-0.19178718315012128,0.15434716562584688,0.13843532689659402,0.16616924189558724,0.15523777301275213,-0.03881769378635238,0.002316437668374842,0.008570700427591211,0.020399800445139664,-0.028907521383080458,0.03370706524727243,0.02169623965955345,0.006743257689153953,-0.020458167362551728,0.016572972334267477,-0.00017093991096357223,0.04902180736642776,0.042591549664478805,0.014247430646829295,0.00590678624214296,-0.03342204921595467,-0.06376861068594884,1.0,0.14927688730284733,0.31958166642562613
F09,0.8175328210194525,0.47040847602338226,0.7045065665501582,0.33479191104809924,0.510182545658875,0.19352905535201867,0.4735523217300075,-0.08488207550164494,0.20537647510528725,0.590565001457576,0.39956496968182514,0.6241928589410626,0.6374168033829076,-0.29455232827396866,0.1978103224384279,0.07873773388093766,0.2355676742653801,0.4079242616412971,-0.10791923833770443,0.8057413916003794,0.6587436572308323,0.7990347885801374,0.7988259798764434,0.5186827228914995,0.03309895465845897,0.0386285533817801,0.03637273347405681,0.012490956263058977,0.0486610161765966,0.05538104311344446,0.02870381527421119,0.03314254027601873,0.036650375924677146,0.016101189393893354,0.03728260769271549,0.061753393528614836,0.006498964312884731,0.03618155425082421,-0.059140925092882865,-0.03673509594589863,0.14927688730284733,1.0,0.13657633137135122
F10,0.013564010045259816,0.2214589957385595,0.050358595730862925,-0.07587552736098223,-0.06318658073152897,0.4124428048746117,-0.022049279208228297,-0.09495235017598583,0.12118078732846488,0.0194557767621541,-0.019795200659837295,-0.07320074653009724,0.042595834386683594,-0.25680760072712705,0.6694811243322347,0.6891702604699242,0.6364963543940546,0.14247727430647578,-0.2253108292013209,0.02268562563626615,0.09244243466748117,0.03131642262917731,0.06895912592142879,-0.061484365890763774,-0.09317324167832206,-0.0789951238488752,-0.10922225912051114,-0.08081366511954086,0.048811713987819576,0.026686903868319036,0.009309023633868981,0.01193612136201274,0.003983415322094335,0.011684149619361973,0.0931289942593316,0.028493266401630336,0.05936474975769337,-0.09091345898273273,-0.33456938086050425,0.2631530241990856,0.31958166642562613,0.13657633137135122,1.0
