factor_id,t_ic,coverage,basic_pass,screen_pass
A01,-3.8626474592094238,1.0,true,true
A02,-3.200479724123402,0.9996202050892518,true,true
A03,-1.23626363067044,0.9877132485862332,false,false
A04,-0.5277927238685614,0.9521458412457273,false,false
A05,-3.3556527015481086,1.0,true,true
A06,-1.0203525964388647,0.9996202050892518,false,false
A07,0.46843542057524534,0.9521458412457273,false,false
A08,-1.103427750637278,1.0,false,false
A09,-2.1286001640262318,1.0,true,true
A10,-2.245236518824119,1.0,true,true
A11,-3.5035096245906683,1.0,false,false
A12,-3.2110571567237147,1.0,false,false
A13,-2.5975054131964814,0.988656294728401,false,false
A14,-3.7181215534814425,1.0,false,false
A15,-1.9989874531482168,1.0,false,false
A16,0.9904415658336025,0.9514970433663609,false,false
A17,-5.234821805039196,1.0,true,true
A18,-3.6373561818271827,1.0,true,true
A19,3.0242450662631453,1.0,true,true
A20,-6.143426847369133,1.0,true,true
A21,-3.9167667827209485,1.0,true,true
A22,-3.2422210116786125,1.0,true,true
A23,-2.813682582435656,1.0,true,true
A24,-2.971951723247307,1.0,true,true
A25,2.3756531053209087,0.9699192956713133,true,true
B01,-1.51457884077354,1.0,false,false
B02,-0.8461366804434672,1.0,false,false
B03,0.5922063178927192,1.0,false,false
B04,2.50737061819172,0.8762314381181804,false,false
B05,1.820868738851581,0.9988525246796001,false,false
B06,1.704895233417238,1.0,false,false
B07,3.681680954965385,0.9393433953634622,false,false
B08,2.581300382579594,0.9257625567636332,false,false
B09,-3.814118031393098,1.0,true,true
B10,-3.151189481290975,1.0,true,true
B11,-4.944634755869426,1.0,true,true
B12,-3.7461732633208262,0.9886977886977887,true,true
B13,2.129429845666887,0.8762314381181804,false,false
B14,3.1260713801654534,0.9988525246796001,true,true
B15,-3.945649276237812,1.0,true,true
C01,-3.5783919288171036,0.9988183125298385,true,true
C02,-3.466611041527664,0.9988183125298385,false,false
C03,-0.8402317581043792,0.9988183125298385,false,false
C04,-0.5703427729367362,1.0,false,false
C05,-0.3223211136937778,1.0,false,false
C06,-0.47226833844099536,1.0,false,false
C07,0.7915469762443739,1.0,false,false
C08,0.7355959782773297,1.0,false,false
C09,-1.6105555759731962,1.0,false,false
C10,-1.5445847895094746,1.0,false,false
C11,-3.7537474274714935,0.9996026012131204,true,true
C12,-4.0950788126543705,0.9996026012131204,true,true
C13,-6.861008245562654,0.9996026012131204,false,false
C14,-5.797515857150255,0.9995965878393772,false,false
C15,-0.6011254276086974,0.94312875073772,false,false
C16,1.342599893384487,0.94312875073772,false,false
C17,-1.8104525607724928,1.0,false,false
C18,-0.06178392531458567,0.9988183125298385,false,false
C19,-2.7203633465035613,1.0,true,true
C20,-1.3831709439526265,1.0,false,false
D01,1.8440839577068087,0.9983948635634029,false,false
D02,1.9440191317862603,0.9738682370261318,false,false
D03,1.237588368059792,0.9730893433799784,false,false
D04,1.6619977999943634,0.9994526546250684,false,false
D05,-0.45027648443962565,0.999530736743313,false,false
D06,0.3857048076674398,0.9751243781094527,false,false
D07,2.5414522633173076,0.9989235737351991,true,true
D08,2.8603403884538094,0.9989674754775426,true,true
D09,2.126429015793563,0.9994617868675996,true,true
D10,2.6796940148490527,0.999530736743313,true,true
D11,1.857779377901381,0.9992404101785036,false,false
D12,2.2886370081122873,0.9994617868675996,true,true
D13,2.729143727345358,0.9950839819746006,true,true
D14,3.7010745432647703,0.9679650527848562,true,true
D15,-1.5278216506273334,0.9988921713441654,false,false
D16,1.986409789932174,0.9982788296041308,false,false
D17,2.2646844933156913,0.998900293255132,true,true
D18,2.8950739189382277,0.999530736743313,true,true
D19,3.8499628287257974,0.9994617868675996,true,true
D20,2.6159301171785323,0.9985052316890882,true,true
D21,3.317266326947801,0.988673139158576,true,true
D22,1.406368004869346,0.9957594448727833,false,false
D23,1.237588368059792,0.9730893433799784,false,false
D24,1.036820630258074,0.998952331063384,false,false
D25,2.0066222224028967,0.980327868852459,true,true
D26,-0.3214238755492395,0.9990034877927254,false,false
D27,0.17354725559533432,0.5502413339183853,false,false
D28,-0.13855047499384773,0.9478575116159009,false,false
D29,-1.1580000810942044,0.998900293255132,false,false
D30,2.8425342385948165,0.999530736743313,true,true
E01,1.0241842044248568,0.31048387096774194,false,false
E02,1.0462165826212437,0.3115968877361986,false,false
E03,0.9218459358735895,0.31048387096774194,false,false
E04,0.30682056779945915,1.0,false,false
E05,-0.5006994581409626,1.0,false,false
E06,0.5617475301151204,0.33640383198231394,false,false
E07,0.6646121946857355,0.1781524926686217,false,false
E08,0.20453382173698403,0.10735351946519858,false,false
E09,1.3744272794429722,1.0,false,false
E10,0.6407155854526888,0.24787972243639167,false,false
E11,-1.5369686978429342,0.14432206608431447,false,false
E12,-0.6511221029637289,0.12646627565982405,false,false
E13,-4.562701434195674,0.04263245033112583,true,false
E14,-0.35124926841752707,0.018699038595094888,false,false
E15,0.8201996470609435,0.015634760131890944,false,false
E16,2.9520694813029777,0.7346182357301705,true,true
E17,1.5421312470329829,1.0,false,false
E18,-0.042322368284918706,1.0,false,false
E19,-1.6952889149245625,1.0,false,false
E20,-0.9906396577961873,0.08771716831936477,false,false
F01,-0.7164261590089809,1.0,false,false
F02,-2.244403407364789,0.9525256361564755,true,true
F03,-0.4912288602107217,0.9035054655107425,false,false
F04,-2.2170497132937057,1.0,false,false
F05,1.0731378056247436,1.0,false,false
F06,-2.8993273239125705,1.0,true,true
F07,1.013108605820287,1.0,false,false
F08,2.565380987302813,1.0,false,false
F09,-5.008966544818861,1.0,true,true
F10,-3.929945340789598,0.9886148007590133,true,true
