dataset,dir,family,shape,n_chunks,date_first,date_last,dev_days,val_days,days_2025plus,sample_cols,pit_fields,sample_symbols,sampled,sample_date_first,sample_date_last
tushare/daily_basic,D:\量化\data\raw\tushare\daily_basic,估值/日频指标,date_chunks,2841,20150105,20260909,1462,969,410,"[""ts_code"", ""trade_date"", ""close"", ""turnover_rate"", ""turnover_rate_f"", ""volume_ratio"", ""pe"", ""pe_ttm"", ""pb"", ""ps"", ""ps_ttm"", ""dv_ratio"", ""dv_ttm"", ""total_share""]",[],5791,,,
tushare/stk_limit,D:\量化\data\raw\tushare\stk_limit,涨跌停,date_chunks,2431,20150105,20241231,1462,969,0,"[""trade_date"", ""ts_code"", ""up_limit"", ""down_limit""]",[],5677,,,
tushare/margin_detail,D:\量化\data\raw\tushare\margin_detail,资金面/两融,date_chunks,1866,20190102,20260909,487,969,410,[],[],3336,,,
tushare/top_list,D:\量化\data\raw\tushare\top_list,资金面/龙虎榜,date_chunks,1866,20190102,20260909,487,969,410,[],[],94,,,
tushare/top_inst,D:\量化\data\raw\tushare\top_inst,资金面/龙虎榜,date_chunks,1866,20190102,20260909,487,969,410,"[""trade_date"", ""ts_code"", ""exalter"", ""buy"", ""buy_rate"", ""sell"", ""sell_rate"", ""net_buy"", ""side"", ""reason""]",[],153,,,
tushare/dividend,D:\量化\data\raw\tushare\dividend,公告事件/分红,date_chunks,2841,20150105,20260909,1462,969,410,"[""ts_code"", ""end_date"", ""ann_date"", ""div_proc"", ""stk_div"", ""stk_bo_rate"", ""stk_co_rate"", ""cash_div"", ""cash_div_tax"", ""record_date"", ""ex_date"", ""pay_date"", ""div_listdate"", ""imp_ann_date""]","[""ann_date""]",18,,,
tushare/forecast,D:\量化\data\raw\tushare\forecast,公告事件/业绩预告,per_symbol_chunks,97,,,,,,"[""ts_code"", ""ann_date"", ""end_date"", ""type"", ""p_change_min"", ""p_change_max"", ""net_profit_min"", ""net_profit_max"", ""last_parent_net"", ""first_ann_date"", ""summary"", ""change_reason"", ""update_flag""]","[""ann_date"", ""update_flag""]",,40,20180930,20271231
tushare/express,D:\量化\data\raw\tushare\express,公告事件/快报,per_symbol_chunks,31,,,,,,"[""ts_code"", ""ann_date"", ""end_date"", ""revenue"", ""operate_profit"", ""total_profit"", ""n_income"", ""total_assets"", ""total_hldr_eqy_exc_min_int"", ""diluted_eps"", ""diluted_roe"", ""yoy_net_profit"", ""bps"", ""perf_summary"", ""update_flag""]","[""ann_date"", ""update_flag""]",,31,20181231,20260630
tushare/repurchase,D:\量化\data\raw\tushare\repurchase,公告事件/回购,per_symbol_chunks,129,,,,,,"[""ts_code"", ""ann_date"", ""end_date"", ""proc"", ""exp_date"", ""vol"", ""amount"", ""high_limit"", ""low_limit""]","[""ann_date""]",,40,20160527,20260911
tushare/stk_holdertrade,D:\量化\data\raw\tushare\stk_holdertrade,公告事件/增减持,per_symbol_chunks,129,,,,,,"[""ts_code"", ""ann_date"", ""holder_name"", ""holder_type"", ""in_de"", ""change_vol"", ""change_ratio"", ""after_share"", ""after_ratio"", ""avg_price"", ""total_share""]","[""ann_date""]",,40,20160601,20260909
tushare/share_float,D:\量化\data\raw\tushare\share_float,公告事件/解禁,per_symbol_chunks,129,,,,,,"[""ts_code"", ""ann_date"", ""float_date"", ""float_share"", ""float_ratio"", ""holder_name"", ""share_type""]","[""ann_date""]",,40,20160601,20260909
tushare/income,D:\量化\data\raw\tushare\income,财务/利润表,per_symbol_chunks,5901,,,,,,"[""ts_code"", ""ann_date"", ""f_ann_date"", ""end_date"", ""report_type"", ""comp_type"", ""end_type"", ""basic_eps"", ""diluted_eps"", ""total_revenue"", ""revenue"", ""int_income"", ""prem_earned"", ""comm_income"", ""n_commis_income"", ""n_oth_income""]","[""ann_date"", ""update_flag""]",,40,19911231,20260630
tushare/balancesheet,D:\量化\data\raw\tushare\balancesheet,财务/资产负债表,per_symbol_chunks,5902,,,,,,"[""ts_code"", ""ann_date"", ""f_ann_date"", ""end_date"", ""report_type"", ""comp_type"", ""end_type"", ""total_share"", ""cap_rese"", ""undistr_porfit"", ""surplus_rese"", ""special_rese"", ""money_cap"", ""trad_asset"", ""notes_receiv"", ""accounts_receiv""]","[""ann_date"", ""update_flag""]",,40,19920630,20260630
tushare/cashflow,D:\量化\data\raw\tushare\cashflow,财务/现金流,per_symbol_chunks,5906,,,,,,"[""ts_code"", ""ann_date"", ""f_ann_date"", ""end_date"", ""comp_type"", ""report_type"", ""end_type"", ""net_profit"", ""finan_exp"", ""c_fr_sale_sg"", ""recp_tax_rends"", ""n_depos_incr_fi"", ""n_incr_loans_cb"", ""n_inc_borr_oth_fi"", ""prem_fr_orig_contr"", ""n_incr_insured_dep""]","[""ann_date"", ""update_flag""]",,40,20041231,20260630
tushare/fina_indicator,D:\量化\data\raw\tushare\fina_indicator,财务/指标,per_symbol_chunks,5901,,,,,,"[""ts_code"", ""ann_date"", ""end_date"", ""eps"", ""dt_eps"", ""total_revenue_ps"", ""revenue_ps"", ""capital_rese_ps"", ""surplus_rese_ps"", ""undist_profit_ps"", ""extra_item"", ""profit_dedt"", ""gross_margin"", ""current_ratio"", ""quick_ratio"", ""cash_ratio""]","[""ann_date""]",,40,19920630,20260630
tushare/disclosure_date,D:\量化\data\raw\tushare\disclosure_date,PIT/披露日期,per_symbol_chunks,31,,,,,,"[""ts_code"", ""ann_date"", ""end_date"", ""pre_date"", ""actual_date""]","[""ann_date""]",,31,20181231,20260630
tushare/index_member_all,D:\量化\data\raw\tushare\index_member_all,行业/成分,per_symbol_chunks,1,,,,,,"[""l1_code"", ""l1_name"", ""l2_code"", ""l2_name"", ""l3_code"", ""l3_name"", ""ts_code"", ""name"", ""in_date"", ""out_date"", ""is_new""]",[],,1,,
tushare/stock_basic,D:\量化\data\raw\tushare\stock_basic,参考,per_symbol_chunks,3,,,,,,"[""ts_code"", ""name"", ""list_status"", ""list_date"", ""delist_date""]",[],,3,,
tushare/trade_cal,D:\量化\data\raw\tushare\trade_cal,参考,per_symbol_chunks,2,,,,,,"[""exchange"", ""cal_date"", ""is_open"", ""pretrade_date""]",[],,2,,
tushare/index_daily,D:\量化\data\raw\tushare\index_daily,行业/指数,per_symbol_chunks,5,,,,,,"[""ts_code"", ""trade_date"", ""close"", ""open"", ""high"", ""low"", ""pre_close"", ""change"", ""pct_chg"", ""vol"", ""amount""]",[],,5,20150105,20241231
tushare/sw_index_daily,D:\量化\data\raw\tushare\sw_index_daily,行业/指数,per_symbol_chunks,125,,,,,,"[""代码"", ""日期"", ""收盘"", ""开盘"", ""最高"", ""最低"", ""成交量"", ""成交额""]",[],,40,,
tushare/sw_index_daily_l2,D:\量化\data\raw\tushare\sw_index_daily_l2,行业/指数,per_symbol_chunks,131,,,,,,"[""代码"", ""日期"", ""收盘"", ""开盘"", ""最高"", ""最低"", ""成交量"", ""成交额""]",[],,40,,
xiaodefa/adj_factor,D:\量化\data\raw\xiaodefa\adj_factor,量价/复权,date_chunks,3088,20140102,20260911,1462,969,412,"[""ts_code"", ""trade_date"", ""adj_factor""]",[],5819,,,
xiaodefa/suspend_d,D:\量化\data\raw\xiaodefa\suspend_d,量价/停复牌,date_chunks,3088,20140102,20260911,1462,969,412,"[""ts_code"", ""trade_date"", ""suspend_timing"", ""suspend_type""]",[],174,,,
xiaodefa/stk_auction_c,D:\量化\data\raw\xiaodefa\stk_auction_c,微观/竞价,date_chunks,3088,20140102,20260911,1462,969,412,"[""ts_code"", ""trade_date"", ""close"", ""open"", ""high"", ""low"", ""vol"", ""amount"", ""vwap""]",[],5808,,,
xiaodefa/stk_auction_o,D:\量化\data\raw\xiaodefa\stk_auction_o,微观/竞价,date_chunks,3088,20140102,20260911,1462,969,412,"[""ts_code"", ""trade_date"", ""close"", ""open"", ""high"", ""low"", ""vol"", ""amount"", ""vwap""]",[],5808,,,
xiaodefa/moneyflow,D:\量化\data\raw\xiaodefa\moneyflow,微观/资金流,date_chunks,3088,20140102,20260911,1462,969,412,"[""trade_date"", ""ts_code"", ""buy_elg_amount"", ""buy_elg_vol"", ""buy_lg_amount"", ""buy_lg_vol"", ""buy_md_amount"", ""buy_md_vol"", ""buy_sm_amount"", ""buy_sm_vol"", ""net_mf_amount"", ""net_mf_vol"", ""sell_elg_amount"", ""sell_elg_vol""]",[],5800,,,
xiaodefa/cyq_perf,D:\量化\data\raw\xiaodefa\cyq_perf,微观/筹码,date_chunks,2111,20180102,20260911,730,969,412,"[""ts_code"", ""trade_date"", ""cost_15pct"", ""cost_50pct"", ""cost_5pct"", ""cost_85pct"", ""cost_95pct"", ""his_high"", ""his_low"", ""weight_avg"", ""winner_rate""]",[],5605,,,
xiaodefa/stk_nineturn,D:\量化\data\raw\xiaodefa\stk_nineturn,微观/九转,date_chunks,3088,20140102,20260911,1462,969,412,"[""ts_code"", ""trade_date"", ""freq"", ""open"", ""high"", ""low"", ""close"", ""vol"", ""amount"", ""up_count"", ""down_count"", ""nine_up_turn"", ""nine_down_turn""]",[],5640,,,
xiaodefa/idx_factor_pro,D:\量化\data\raw\xiaodefa\idx_factor_pro,量价/指数因子,date_chunks,3088,20140102,20260911,1462,969,412,"[""ts_code"", ""trade_date"", ""open"", ""high"", ""low"", ""close"", ""pre_close"", ""change"", ""pct_change"", ""vol"", ""amount"", ""asi_bfq"", ""asit_bfq"", ""atr_bfq""]",[],3700,,,
xiaodefa/ths_daily,D:\量化\data\raw\xiaodefa\ths_daily,行业/同花顺,date_chunks,3088,20140102,20260911,1462,969,412,"[""ts_code"", ""trade_date"", ""close"", ""open"", ""high"", ""low"", ""pre_close"", ""avg_price"", ""change"", ""pct_change"", ""vol"", ""turnover_rate""]",[],2200,,,
xiaodefa/dc_daily,D:\量化\data\raw\xiaodefa\dc_daily,行业/东财,date_chunks,1624,20200102,20260911,243,969,412,"[""ts_code"", ""trade_date"", ""close"", ""open"", ""high"", ""low"", ""change"", ""pct_change"", ""vol"", ""amount"", ""swing"", ""turnover_rate"", ""category""]",[],1050,,,
xiaodefa/ci_daily,D:\量化\data\raw\xiaodefa\ci_daily,行业/中证,date_chunks,2757,20140102,20250508,1462,969,81,"[""ts_code"", ""trade_date"", ""open"", ""low"", ""high"", ""close"", ""pre_close"", ""change"", ""pct_change"", ""vol"", ""amount""]",[],583,,,
xiaodefa/sw_daily,D:\量化\data\raw\xiaodefa\sw_daily,行业/申万,date_chunks,3086,20140102,20260911,1461,969,412,"[""trade_date"", ""ts_code"", ""amount"", ""change"", ""close"", ""float_mv"", ""high"", ""low"", ""name"", ""open"", ""pb"", ""pct_change"", ""pe"", ""total_mv""]",[],456,,,
xiaodefa/hk_hold,D:\量化\data\raw\xiaodefa\hk_hold,资金面/港股通,date_chunks,2284,20170103,20260911,948,942,394,"[""code"", ""trade_date"", ""ts_code"", ""name"", ""vol"", ""ratio"", ""exchange""]",[],3428,,,
xiaodefa/ccass_hold,D:\量化\data\raw\xiaodefa\ccass_hold,资金面/港股通,date_chunks,1384,20201111,20260911,36,941,407,"[""trade_date"", ""ts_code"", ""name"", ""shareholding"", ""hold_nums"", ""hold_ratio""]",[],8497,,,
xiaodefa/ggt_daily,D:\量化\data\raw\xiaodefa\ggt_daily,资金面/港股通,date_chunks,2701,20141117,20260911,1363,908,402,"[""trade_date"", ""buy_amount"", ""buy_volume"", ""sell_amount"", ""sell_volume""]",[],0,,,
xiaodefa/limit_list_d,D:\量化\data\raw\xiaodefa\limit_list_d,涨跌停/清单,date_chunks,1624,20200102,20260911,243,969,412,"[""trade_date"", ""ts_code"", ""industry"", ""name"", ""close"", ""pct_chg"", ""amount"", ""limit_amount"", ""float_mv"", ""total_mv"", ""turnover_ratio"", ""fd_amount"", ""first_time"", ""last_time""]",[],223,,,
xiaodefa/daily_info,D:\量化\data\raw\xiaodefa\daily_info,参考/日信息,date_chunks,3088,20140102,20260911,1462,969,412,"[""trade_date"", ""ts_code"", ""ts_name"", ""com_count"", ""total_share"", ""float_share"", ""total_mv"", ""float_mv"", ""amount"", ""vol"", ""trans_count"", ""pe"", ""tr"", ""exchange""]",[],32,,,
