factor,A01,A02,A05,A09,A10,A17,A18,A19,A20,A21,A22,A23,A24,A25,B04,B09,B10,B11,B12,B14,B15,C01,C11,C12,C19,D07,D08,D09,D10,D12,D13,D14,D16,D17,D18,D19,D20,D30,E16,F06,F09,F10
A01,1.0,0.482,0.821,0.433,0.624,0.131,0.508,-0.059,0.174,0.647,0.417,0.775,0.719,-0.265,-0.025,0.085,-0.025,0.122,0.398,-0.128,0.983,0.85,0.973,0.97,0.459,0.041,0.048,0.079,0.042,0.072,0.073,0.039,0.033,0.027,0.042,0.023,0.056,0.048,-0.027,0.135,0.816,0.028
A02,0.482,1.0,0.388,0.232,0.338,0.26,0.324,-0.171,0.115,0.308,0.215,0.391,0.736,-0.502,-0.042,0.153,0.078,0.164,0.358,-0.206,0.477,0.419,0.47,0.483,0.258,0.066,0.078,0.127,0.058,0.139,0.143,0.079,0.056,0.042,0.065,0.038,0.1,0.079,-0.046,0.286,0.448,0.217
A05,0.821,0.388,1.0,-0.056,0.305,0.154,0.402,-0.065,0.126,0.529,0.319,0.436,0.542,-0.249,-0.044,0.14,0.025,0.165,0.32,-0.093,0.808,0.704,0.805,0.802,0.372,0.02,0.025,0.038,0.02,0.043,0.046,0.026,-0.0,0.017,0.027,0.016,0.035,0.023,-0.035,0.126,0.705,0.066
A09,0.433,0.232,-0.056,1.0,0.645,-0.034,0.259,0.008,0.069,0.334,0.23,0.69,0.401,-0.076,0.029,-0.081,-0.093,-0.067,0.186,-0.075,0.427,0.378,0.413,0.413,0.24,0.045,0.051,0.094,0.051,0.067,0.062,0.032,0.069,0.028,0.042,0.018,0.052,0.055,0.009,0.001,0.33,-0.074
A10,0.624,0.338,0.305,0.645,1.0,0.012,0.433,-0.002,0.133,0.443,0.378,0.863,0.541,-0.163,0.008,-0.037,-0.081,-0.01,0.328,-0.098,0.614,0.542,0.603,0.601,0.339,0.044,0.05,0.089,0.05,0.062,0.062,0.034,0.055,0.024,0.04,0.017,0.049,0.053,-0.002,0.06,0.502,-0.046
A17,0.131,0.26,0.154,-0.034,0.012,1.0,0.193,-0.872,0.087,0.073,0.176,0.024,0.182,-0.247,-0.01,0.41,0.325,0.37,0.288,-0.578,0.132,0.175,0.137,0.159,-0.068,-0.012,0.005,0.167,0.067,0.159,0.112,0.049,0.11,-0.104,0.043,0.015,0.127,0.02,-0.122,0.223,0.176,0.391
A18,0.508,0.324,0.402,0.259,0.433,0.193,1.0,-0.069,0.073,0.345,0.973,0.455,0.481,-0.24,-0.014,0.155,-0.073,0.207,0.846,-0.125,0.501,0.431,0.495,0.506,0.297,0.022,0.03,0.087,0.063,0.063,0.05,0.022,0.039,0.021,0.039,0.009,0.057,0.035,-0.038,0.052,0.462,0.009
A19,-0.059,-0.171,-0.065,0.008,-0.002,-0.872,-0.069,1.0,0.011,-0.021,-0.048,-0.013,-0.119,0.126,-0.159,-0.122,-0.087,-0.057,-0.135,0.561,-0.058,-0.071,-0.057,-0.066,0.117,-0.041,-0.052,-0.242,-0.111,-0.154,-0.109,-0.048,-0.238,0.116,-0.042,-0.014,-0.1,-0.075,-0.008,-0.134,-0.071,-0.074
A20,0.174,0.115,0.126,0.069,0.133,0.087,0.073,0.011,1.0,0.184,0.055,0.168,0.201,-0.071,-0.066,0.207,0.155,0.314,0.1,0.088,0.173,0.172,0.168,0.183,0.037,-0.041,-0.051,-0.136,-0.116,-0.045,-0.02,-0.017,-0.107,-0.033,-0.039,-0.014,-0.043,-0.058,-0.04,0.162,0.194,0.103
A21,0.647,0.308,0.529,0.334,0.443,0.073,0.345,-0.021,0.184,1.0,0.29,0.534,0.47,-0.18,-0.049,0.115,0.041,0.134,0.268,-0.036,0.637,0.582,0.626,0.632,0.376,0.013,0.014,0.01,0.009,0.033,0.041,0.021,-0.023,0.013,0.016,0.016,0.023,0.016,-0.043,-0.032,0.588,0.024
A22,0.417,0.215,0.319,0.23,0.378,0.176,0.973,-0.048,0.055,0.29,1.0,0.373,0.329,-0.189,-0.012,0.162,-0.06,0.214,0.837,-0.101,0.411,0.354,0.407,0.418,0.255,0.01,0.016,0.072,0.062,0.049,0.031,0.012,0.029,0.017,0.026,0.004,0.048,0.021,-0.024,0.031,0.384,0.012
A23,0.775,0.391,0.436,0.69,0.863,0.024,0.455,-0.013,0.168,0.534,0.373,1.0,0.682,-0.187,0.009,-0.032,-0.09,-0.004,0.34,-0.102,0.767,0.667,0.748,0.745,0.389,0.048,0.054,0.089,0.043,0.07,0.072,0.038,0.058,0.022,0.043,0.02,0.052,0.058,-0.017,0.074,0.62,-0.056
A24,0.719,0.736,0.542,0.401,0.541,0.182,0.481,-0.119,0.201,0.47,0.329,0.682,1.0,-0.414,-0.008,0.078,-0.042,0.11,0.404,-0.147,0.712,0.619,0.696,0.703,0.359,0.067,0.078,0.105,0.04,0.099,0.113,0.062,0.061,0.027,0.06,0.033,0.066,0.081,-0.047,0.187,0.621,0.042
A25,-0.265,-0.502,-0.249,-0.076,-0.163,-0.247,-0.24,0.126,-0.071,-0.18,-0.189,-0.187,-0.414,1.0,0.047,-0.22,-0.148,-0.222,-0.308,0.128,-0.264,-0.233,-0.262,-0.273,-0.179,-0.053,-0.069,-0.102,-0.063,-0.102,-0.112,-0.054,-0.034,-0.042,-0.064,-0.033,-0.076,-0.071,0.063,-0.184,-0.28,-0.25
B04,-0.025,-0.042,-0.044,0.029,0.008,-0.01,-0.014,-0.159,-0.066,-0.049,-0.012,0.009,-0.008,0.047,1.0,-0.357,-0.369,-0.339,-0.014,0.1,-0.039,-0.06,-0.028,-0.055,0.009,0.175,0.191,0.572,0.282,0.153,0.098,0.077,0.837,-0.034,0.137,0.02,-0.004,0.212,0.618,-0.05,-0.088,-0.417
B09,0.085,0.153,0.14,-0.081,-0.037,0.41,0.155,-0.122,0.207,0.115,0.162,-0.032,0.078,-0.22,-0.357,1.0,0.933,0.934,0.256,-0.055,0.092,0.155,0.096,0.135,0.003,-0.112,-0.102,-0.105,-0.058,0.075,0.039,0.009,-0.24,0.054,0.014,0.006,0.102,-0.114,-0.336,0.123,0.206,0.663
B10,-0.025,0.078,0.025,-0.093,-0.081,0.325,-0.073,-0.087,0.155,0.041,-0.06,-0.09,-0.042,-0.148,-0.369,0.933,1.0,0.832,0.039,-0.036,-0.017,0.064,-0.015,0.023,-0.061,-0.118,-0.108,-0.121,-0.071,0.07,0.032,0.007,-0.254,0.057,0.008,0.006,0.099,-0.122,-0.341,0.1,0.092,0.678
B11,0.122,0.164,0.165,-0.067,-0.01,0.37,0.207,-0.057,0.314,0.134,0.214,-0.004,0.11,-0.222,-0.339,0.934,0.832,1.0,0.299,-0.019,0.128,0.176,0.134,0.169,0.032,-0.108,-0.102,-0.135,-0.085,0.038,0.01,-0.003,-0.246,0.043,0.003,-0.002,0.07,-0.116,-0.301,0.163,0.236,0.628
B12,0.398,0.358,0.32,0.186,0.328,0.288,0.846,-0.135,0.1,0.268,0.837,0.34,0.404,-0.308,-0.014,0.256,0.039,0.299,1.0,-0.104,0.392,0.344,0.391,0.407,0.245,0.013,0.018,0.064,0.051,0.05,0.05,0.017,0.026,0.01,0.031,0.005,0.042,0.025,-0.04,0.142,0.396,0.17
B14,-0.128,-0.206,-0.093,-0.075,-0.098,-0.578,-0.125,0.561,0.088,-0.036,-0.101,-0.102,-0.147,0.128,0.1,-0.055,-0.036,-0.019,-0.104,1.0,-0.129,-0.128,-0.128,-0.146,0.072,-0.039,-0.069,-0.284,0.055,-0.196,-0.099,-0.059,-0.207,-0.031,-0.1,-0.016,-0.198,-0.052,0.137,-0.188,-0.101,-0.239
B15,0.983,0.477,0.808,0.427,0.614,0.132,0.501,-0.058,0.173,0.637,0.411,0.767,0.712,-0.264,-0.039,0.092,-0.017,0.128,0.392,-0.129,1.0,0.838,0.957,0.955,0.449,0.037,0.044,0.074,0.037,0.077,0.077,0.04,0.025,0.021,0.042,0.024,0.062,0.044,-0.043,0.136,0.803,0.038
C01,0.85,0.419,0.704,0.378,0.542,0.175,0.431,-0.071,0.172,0.582,0.354,0.667,0.619,-0.233,-0.06,0.155,0.064,0.176,0.344,-0.128,0.838,1.0,0.829,0.834,0.217,0.022,0.026,0.053,0.031,0.063,0.065,0.035,-0.001,0.025,0.025,0.024,0.059,0.026,-0.057,0.123,0.655,0.104
C11,0.973,0.47,0.805,0.413,0.603,0.137,0.495,-0.057,0.168,0.626,0.407,0.748,0.696,-0.262,-0.028,0.096,-0.015,0.134,0.391,-0.128,0.957,0.829,1.0,0.927,0.447,0.036,0.044,0.076,0.042,0.072,0.073,0.042,0.03,0.023,0.047,0.021,0.054,0.046,-0.028,0.147,0.8,0.047
C12,0.97,0.483,0.802,0.413,0.601,0.159,0.506,-0.066,0.183,0.632,0.418,0.745,0.703,-0.273,-0.055,0.135,0.023,0.169,0.407,-0.146,0.955,0.834,0.927,1.0,0.437,0.033,0.04,0.075,0.04,0.076,0.074,0.038,0.016,0.034,0.037,0.025,0.065,0.038,-0.055,0.137,0.8,0.084
C19,0.459,0.258,0.372,0.24,0.339,-0.068,0.297,0.117,0.037,0.376,0.255,0.389,0.359,-0.179,0.009,0.003,-0.061,0.032,0.245,0.072,0.449,0.217,0.447,0.437,1.0,0.056,0.061,0.026,0.015,0.022,0.039,0.025,0.017,0.044,0.052,0.016,-0.009,0.061,0.024,-0.048,0.502,-0.048
D07,0.041,0.066,0.02,0.045,0.044,-0.012,0.022,-0.041,-0.041,0.013,0.01,0.048,0.067,-0.053,0.175,-0.112,-0.118,-0.108,0.013,-0.039,0.037,0.022,0.036,0.033,0.056,1.0,0.922,0.273,0.043,0.087,0.072,0.071,0.281,0.676,0.031,0.522,-0.028,0.878,0.192,-0.004,0.026,-0.099
D08,0.048,0.078,0.025,0.051,0.05,0.005,0.03,-0.052,-0.051,0.014,0.016,0.054,0.078,-0.069,0.191,-0.102,-0.108,-0.102,0.018,-0.069,0.044,0.026,0.044,0.04,0.061,0.922,1.0,0.326,0.055,0.103,0.087,0.09,0.332,0.642,0.185,0.537,-0.022,0.938,0.207,0.002,0.031,-0.085
D09,0.079,0.127,0.038,0.094,0.089,0.167,0.087,-0.242,-0.136,0.01,0.072,0.089,0.105,-0.102,0.572,-0.105,-0.121,-0.135,0.064,-0.284,0.074,0.053,0.076,0.075,0.026,0.273,0.326,1.0,0.559,0.325,0.177,0.133,0.836,0.173,0.34,0.08,0.171,0.357,0.328,0.018,0.022,-0.115
D10,0.042,0.058,0.02,0.051,0.05,0.067,0.063,-0.111,-0.116,0.009,0.062,0.043,0.04,-0.063,0.282,-0.058,-0.071,-0.085,0.051,0.055,0.037,0.031,0.042,0.04,0.015,0.043,0.055,0.559,1.0,0.035,-0.051,0.005,0.232,0.044,0.065,0.009,0.039,0.154,0.159,-0.033,0.006,-0.094
D12,0.072,0.139,0.043,0.067,0.062,0.159,0.063,-0.154,-0.045,0.033,0.049,0.07,0.099,-0.102,0.153,0.075,0.07,0.038,0.05,-0.196,0.077,0.063,0.072,0.076,0.022,0.087,0.103,0.325,0.035,1.0,0.827,0.348,0.313,0.024,0.116,0.125,0.428,0.094,-0.125,0.04,0.045,0.076
D13,0.073,0.143,0.046,0.062,0.062,0.112,0.05,-0.109,-0.02,0.041,0.031,0.072,0.113,-0.112,0.098,0.039,0.032,0.01,0.05,-0.099,0.077,0.065,0.073,0.074,0.039,0.072,0.087,0.177,-0.051,0.827,1.0,0.357,0.208,-0.001,0.087,0.128,0.338,0.075,-0.126,0.025,0.052,0.053
D14,0.039,0.079,0.026,0.032,0.034,0.049,0.022,-0.048,-0.017,0.021,0.012,0.038,0.062,-0.054,0.077,0.009,0.007,-0.003,0.017,-0.059,0.04,0.035,0.042,0.038,0.025,0.071,0.09,0.133,0.005,0.348,0.357,1.0,0.14,0.033,0.034,0.108,-0.057,0.076,-0.033,0.007,0.03,0.021
D16,0.033,0.056,-0.0,0.069,0.055,0.11,0.039,-0.238,-0.107,-0.023,0.029,0.058,0.061,-0.034,0.837,-0.24,-0.254,-0.246,0.026,-0.207,0.025,-0.001,0.03,0.016,0.017,0.281,0.332,0.836,0.232,0.313,0.208,0.14,1.0,0.098,0.319,0.067,0.12,0.323,0.504,0.004,-0.03,-0.261
D17,0.027,0.042,0.017,0.028,0.024,-0.104,0.021,0.116,-0.033,0.013,0.017,0.022,0.027,-0.042,-0.034,0.054,0.057,0.043,0.01,-0.031,0.021,0.025,0.023,0.034,0.044,0.676,0.642,0.173,0.044,0.024,-0.001,0.033,0.098,1.0,-0.035,0.317,-0.055,0.561,0.089,-0.019,0.034,0.027
D18,0.042,0.065,0.027,0.042,0.04,0.043,0.039,-0.042,-0.039,0.016,0.026,0.043,0.06,-0.064,0.137,0.014,0.008,0.003,0.031,-0.1,0.042,0.025,0.047,0.037,0.052,0.031,0.185,0.34,0.065,0.116,0.087,0.034,0.319,-0.035,1.0,0.053,0.135,0.171,0.107,0.013,0.033,0.008
D19,0.023,0.038,0.016,0.018,0.017,0.015,0.009,-0.014,-0.014,0.016,0.004,0.02,0.033,-0.033,0.02,0.006,0.006,-0.002,0.005,-0.016,0.024,0.024,0.021,0.025,0.016,0.522,0.537,0.08,0.009,0.125,0.128,0.108,0.067,0.317,0.053,1.0,0.046,0.521,-0.007,-0.0,0.015,0.013
D20,0.056,0.1,0.035,0.052,0.049,0.127,0.057,-0.1,-0.043,0.023,0.048,0.052,0.066,-0.076,-0.004,0.102,0.099,0.07,0.042,-0.198,0.062,0.059,0.054,0.065,-0.009,-0.028,-0.022,0.171,0.039,0.428,0.338,-0.057,0.12,-0.055,0.135,0.046,1.0,-0.017,-0.131,0.054,0.035,0.116
D30,0.048,0.079,0.023,0.055,0.053,0.02,0.035,-0.075,-0.058,0.016,0.021,0.058,0.081,-0.071,0.212,-0.114,-0.122,-0.116,0.025,-0.052,0.044,0.026,0.046,0.038,0.061,0.878,0.938,0.357,0.154,0.094,0.075,0.076,0.323,0.561,0.171,0.521,-0.017,1.0,0.203,-0.001,0.028,-0.1
E16,-0.027,-0.046,-0.035,0.009,-0.002,-0.122,-0.038,-0.008,-0.04,-0.043,-0.024,-0.017,-0.047,0.063,0.618,-0.336,-0.341,-0.301,-0.04,0.137,-0.043,-0.057,-0.028,-0.055,0.024,0.192,0.207,0.328,0.159,-0.125,-0.126,-0.033,0.504,0.089,0.107,-0.007,-0.131,0.203,1.0,-0.039,-0.071,-0.352
F06,0.135,0.286,0.126,0.001,0.06,0.223,0.052,-0.134,0.162,-0.032,0.031,0.074,0.187,-0.184,-0.05,0.123,0.1,0.163,0.142,-0.188,0.136,0.123,0.147,0.137,-0.048,-0.004,0.002,0.018,-0.033,0.04,0.025,0.007,0.004,-0.019,0.013,-0.0,0.054,-0.001,-0.039,1.0,0.133,0.315
F09,0.816,0.448,0.705,0.33,0.502,0.176,0.462,-0.071,0.194,0.588,0.384,0.62,0.621,-0.28,-0.088,0.206,0.092,0.236,0.396,-0.101,0.803,0.655,0.8,0.8,0.502,0.026,0.031,0.022,0.006,0.045,0.052,0.03,-0.03,0.034,0.033,0.015,0.035,0.028,-0.071,0.133,1.0,0.146
F10,0.028,0.217,0.066,-0.074,-0.046,0.391,0.009,-0.074,0.103,0.024,0.012,-0.056,0.042,-0.25,-0.417,0.663,0.678,0.628,0.17,-0.239,0.038,0.104,0.047,0.084,-0.048,-0.099,-0.085,-0.115,-0.094,0.076,0.053,0.021,-0.261,0.027,0.008,0.013,0.116,-0.1,-0.352,0.315,0.146,1.0
