date,equity
2015-01-05,500000.0
2015-01-06,500000.0
2015-01-07,500000.0
2015-01-08,500000.0
2015-01-09,500000.0
2015-01-12,500000.0
2015-01-13,500000.0
2015-01-14,500000.0
2015-01-15,500000.0
2015-01-16,500000.0
2015-01-19,500000.0
2015-01-20,500000.0
2015-01-21,500000.0
2015-01-22,500000.0
2015-01-23,500000.0
2015-01-26,500000.0
2015-01-27,500000.0
2015-01-28,500000.0
2015-01-29,500000.0
2015-01-30,500000.0
2015-02-02,494783.5696503546
2015-02-03,503353.12594847154
2015-02-04,501327.63525464886
2015-02-05,498064.46198024607
2015-02-06,487421.4545563477
2015-02-09,484678.8641868161
2015-02-10,491221.8384297737
2015-02-11,496941.6308718302
2015-02-12,501001.33899657894
2015-02-13,508924.8440640012
2015-02-16,518073.616105735
2015-02-17,522064.82753325003
2015-02-25,521490.9195109754
2015-02-26,527813.1517855976
2015-02-27,532632.9739212007
2015-03-02,536022.7704837144
2015-03-03,532629.4761835103
2015-03-04,541462.0817508092
2015-03-05,542988.2229250106
2015-03-06,537454.5815310996
2015-03-09,544637.4545256752
2015-03-10,550018.9594589135
2015-03-11,549823.3814081964
2015-03-12,549032.3616157934
2015-03-13,555707.083250066
2015-03-16,572425.7127357508
2015-03-17,580863.7982860819
2015-03-18,592051.1749350475
2015-03-19,596164.4761784053
2015-03-20,601681.7997567976
2015-03-23,616787.6280609276
2015-03-24,620447.1344712393
2015-03-25,625998.4409433434
2015-03-26,620871.6920468231
2015-03-27,627401.5714592531
2015-03-30,635394.988656139
2015-03-31,634451.0769874252
2015-04-01,639925.0055770917
2015-04-02,652756.1212890074
2015-04-03,664687.9285279071
2015-04-07,678751.4555403886
2015-04-08,672594.4001900295
2015-04-09,664738.4550511667
2015-04-10,681939.8629487202
2015-04-13,697751.7414123055
2015-04-14,700087.6202790904
2015-04-15,676499.2703907877
2015-04-16,684880.6135693955
2015-04-17,690681.0606463242
2015-04-20,676635.141579456
2015-04-21,697832.5438255167
2015-04-22,716775.3238650567
2015-04-23,723812.4908064663
2015-04-24,723352.8157999694
2015-04-27,730350.6738900421
2015-04-28,708524.1547233614
2015-04-29,721951.4747185243
2015-04-30,722419.8185752365
2015-05-04,721659.694705214
2015-05-05,697061.1936674379
2015-05-06,685588.0920910442
2015-05-07,669945.411516984
2015-05-08,694745.6669098922
2015-05-11,723319.7773129717
2015-05-12,737318.7917535002
2015-05-13,745302.756040108
2015-05-14,750290.6592341411
2015-05-15,743498.192761501
2015-05-18,755175.466738528
2015-05-19,775071.9983235791
2015-05-20,787785.0655653788
2015-05-21,814185.5388183614
2015-05-22,828862.5592152678
2015-05-25,852732.5347926036
2015-05-26,880429.1191641731
2015-05-27,892146.3608890094
2015-05-28,838582.8705272936
2015-05-29,846424.1440886471
2015-06-01,885252.6218148809
2015-06-02,920381.6654558539
2015-06-03,924789.4573759406
2015-06-04,925050.1990485442
2015-06-05,943178.0751979861
2015-06-08,938054.8414133735
2015-06-09,937120.8451513115
2015-06-10,951555.2445390278
2015-06-11,969291.2446583731
2015-06-12,985771.1850642094
2015-06-15,974824.373850917
2015-06-16,937247.5387767898
2015-06-17,953022.7152458357
2015-06-18,927729.0766100961
2015-06-19,864298.6819756124
2015-06-23,865660.1863289452
2015-06-24,888285.6581872719
2015-06-25,857478.8049558331
2015-06-26,789839.4693021693
2015-06-29,741657.4033012617
2015-06-30,772581.0419562986
2015-07-01,721178.157115175
2015-07-02,671126.8667971169
2015-07-03,625692.0233575242
2015-07-06,602611.9374738684
2015-07-07,565422.1315486693
2015-07-08,542079.5707385243
2015-07-09,566780.0992906927
2015-07-10,594232.4581521823
2015-07-13,628384.5792051213
2015-07-14,641317.4258195615
2015-07-15,608384.876579784
2015-07-16,618296.2020234842
2015-07-17,651508.6345094224
2015-07-20,665489.9607788672
2015-07-21,677396.7773298402
2015-07-22,686129.4844442254
2015-07-23,707243.5982918453
2015-07-24,698097.1873004904
2015-07-27,648080.2172620572
2015-07-28,630181.6829026614
2015-07-29,660838.1351522484
2015-07-30,646748.1062034442
2015-07-31,638247.0640146467
2015-08-03,613075.714711791
2015-08-04,647407.0411294291
2015-08-05,642268.0466975049
2015-08-06,640563.7241741188
2015-08-07,660180.7470698899
2015-08-10,692192.3194715016
2015-08-11,698011.5208427538
2015-08-12,691523.8435127026
2015-08-13,710203.4360638988
2015-08-14,717685.8450036892
2015-08-17,734938.994359827
2015-08-18,682283.3907697176
2015-08-19,698537.9985954857
2015-08-20,675312.2309228547
2015-08-21,640634.8505433673
2015-08-24,592004.7636371916
2015-08-25,549803.8247583995
2015-08-26,531019.0922944349
2015-08-27,550327.0458552032
2015-08-28,581391.7078168851
2015-08-31,565537.3642748756
2015-09-01,531568.6183632086
2015-09-02,517606.462326484
2015-09-07,521377.9673781695
2015-09-08,542955.2040062667
2015-09-09,561079.701597271
2015-09-10,551761.9719323538
2015-09-11,557307.5543450608
2015-09-14,522859.3264215835
2015-09-15,496670.98215875094
2015-09-16,528879.6860568264
2015-09-17,519529.22638806526
2015-09-18,525906.1174288703
2015-09-21,542349.3707328769
2015-09-22,546310.4456061011
2015-09-23,538892.5507424941
2015-09-24,546374.5228591099
2015-09-25,530561.718950015
2015-09-28,538274.4103505576
2015-09-29,528946.9990857682
2015-09-30,530741.8001549465
2015-10-08,542709.8254897759
2015-10-09,550824.4593629849
2015-10-12,572623.1318533019
2015-10-13,579063.2782471499
2015-10-14,571989.6939069802
2015-10-15,588800.1109899915
2015-10-16,598503.4466684789
2015-10-19,599067.165369883
2015-10-20,607843.1794963444
2015-10-21,570825.1247619591
2015-10-22,590144.5402459134
2015-10-23,606779.4105501486
2015-10-26,611840.6253724578
2015-10-27,615121.894946182
2015-10-28,603432.0676591949
2015-10-29,609946.7011355573
2015-10-30,607878.4992207321
2015-11-02,589538.9746959526
2015-11-03,590180.9171745047
2015-11-04,617810.9345743621
2015-11-05,620649.5775085413
2015-11-06,634592.378505498
2015-11-09,642218.5142770518
2015-11-10,646134.5945582915
2015-11-11,655223.2758579768
2015-11-12,656271.3749319339
2015-11-13,645400.8083867058
2015-11-16,657565.1059591935
2015-11-17,654459.1749403119
2015-11-18,644643.259443758
2015-11-19,659074.6416271905
2015-11-20,667542.4617313058
2015-11-23,663475.4256609331
2015-11-24,668950.9734976997
2015-11-25,679551.5428866465
2015-11-26,677599.2399644731
2015-11-27,637312.9645092749
2015-11-30,640869.5554545702
2015-12-01,636223.6393330276
2015-12-02,634759.6031253204
2015-12-03,648761.4643113387
2015-12-04,646125.8042291749
2015-12-07,653900.2808936604
2015-12-08,639372.8771174009
2015-12-09,637733.8391448243
2015-12-10,635189.2854618613
2015-12-11,631117.8244138098
2015-12-14,643997.837011893
2015-12-15,649833.8444349212
2015-12-16,653140.0139993957
2015-12-17,669412.5361812431
2015-12-18,668636.3921872926
2015-12-21,676875.1587668642
2015-12-22,682748.9722394851
2015-12-23,676110.3608598488
2015-12-24,673869.4272469636
2015-12-25,679676.406082991
2015-12-28,664057.1532448544
2015-12-29,672042.9246906581
2015-12-30,678041.9101442123
2015-12-31,668562.2816351298
2016-01-04,604912.4327662034
2016-01-05,595463.9029502724
2016-01-06,612187.3416727117
2016-01-07,560650.226085718
2016-01-08,568905.1799742542
2016-01-11,530452.8042478856
2016-01-12,529337.0589671124
2016-01-13,510716.9643598692
2016-01-14,526403.1825882251
2016-01-15,505933.9169379611
2016-01-18,513749.02046863304
2016-01-19,533070.9128164087
2016-01-20,528889.1591368751
2016-01-21,508263.89214140235
2016-01-22,516230.2432271017
2016-01-25,523186.7578197996
2016-01-26,486201.81882333715
2016-01-27,481147.5767774068
2016-01-28,461727.2292953092
2016-01-29,477385.6098223216
2016-02-01,462542.8227378006
2016-02-02,478120.74967937876
2016-02-03,480492.07915108785
2016-02-04,490999.3618114114
2016-02-05,486659.99303904944
2016-02-15,486379.1577902557
2016-02-16,506312.5860390288
2016-02-17,513690.0321357812
2016-02-18,513561.3553473954
2016-02-19,515402.46589322115
2016-02-22,526677.1216107075
2016-02-23,524357.140368689
2016-02-24,528030.8824465141
2016-02-25,487531.6211519699
2016-02-26,489352.15070877527
2016-02-29,463779.48701420956
2016-03-01,466861.4185012264
2016-03-02,490745.75911326875
2016-03-03,492515.10867877834
2016-03-04,479378.2774117133
2016-03-07,490558.6685107171
2016-03-08,492488.58689888124
2016-03-09,480588.4037668456
2016-03-10,472484.85703968
2016-03-11,471531.998373757
2016-03-14,486658.97274496267
2016-03-15,483420.1525206797
2016-03-16,478967.0884597272
2016-03-17,493001.5087152093
2016-03-18,509533.32045449433
2016-03-21,523062.7607992946
2016-03-22,521287.2974707257
2016-03-23,525604.2385863309
2016-03-24,517442.9239730942
2016-03-25,522172.973547708
2016-03-28,519364.5976511579
2016-03-29,510090.1313151112
2016-03-30,526807.8263530002
2016-03-31,528631.2003189368
2016-04-01,519993.62952353
2016-04-05,533110.8865672419
2016-04-06,535552.7665420584
2016-04-07,527299.9884268782
2016-04-08,523284.780773166
2016-04-11,534162.5075062942
2016-04-12,531162.4698276949
2016-04-13,538551.035577109
2016-04-14,543895.2880295499
2016-04-15,544244.9435358853
2016-04-18,536699.0690586648
2016-04-19,538816.2850109553
2016-04-20,515767.89788133785
2016-04-21,511377.62489464623
2016-04-22,514262.31222241
2016-04-25,512383.996703417
2016-04-26,518063.9848911271
2016-04-27,516756.85721914715
2016-04-28,514619.3711181324
2016-04-29,514713.92816786416
2016-05-03,520853.42874477536
2016-05-04,521249.5391679171
2016-05-05,524160.43976393965
2016-05-06,503795.5093751529
2016-05-09,483509.1056122019
2016-05-10,482919.6031696497
2016-05-11,480710.60868507944
2016-05-12,479005.37937708275
2016-05-13,477804.7326842411
2016-05-16,486023.118137043
2016-05-17,484797.76253088156
2016-05-18,471628.84943788016
2016-05-19,473760.68799048173
2016-05-20,478535.54981015547
2016-05-23,484878.576196358
2016-05-24,480165.7287767467
2016-05-25,478757.10415901494
2016-05-26,480511.6766393743
2016-05-27,480902.9702424297
2016-05-30,478767.4042756577
2016-05-31,496708.5571986502
2016-06-01,490834.1398314238
2016-06-02,495293.6471024753
2016-06-03,496817.19760027673
2016-06-06,498126.04386266554
2016-06-07,498552.4146668262
2016-06-08,496962.1743402815
2016-06-13,474433.10500857205
2016-06-14,476505.23387514113
2016-06-15,490910.00290736294
2016-06-16,491022.7536976481
2016-06-17,493740.7766382015
2016-06-20,494472.1137843718
2016-06-21,490145.22281349567
2016-06-22,497143.4914067402
2016-06-23,495147.6691449223
2016-06-24,490122.62415984704
2016-06-27,500485.304078184
2016-06-28,505454.90997309407
2016-06-29,506599.0044555667
2016-06-30,506823.8790410153
2016-07-01,498118.8525946583
2016-07-04,507608.6403665382
2016-07-05,510525.8967483259
2016-07-06,513547.55895652104
2016-07-07,514367.7752560689
2016-07-08,512649.7095962397
2016-07-11,512196.6498100489
2016-07-12,518075.51080711535
2016-07-13,521240.6823760718
2016-07-14,521652.6286778279
2016-07-15,520402.29519550037
2016-07-18,517805.0647660451
2016-07-19,519349.6513644434
2016-07-20,519243.19317818707
2016-07-21,520662.3230713469
2016-07-22,516621.5124661436
2016-07-25,517779.4142885473
2016-07-26,524045.7995594425
2016-07-27,503581.7213716665
2016-07-28,503743.1728579317
2016-07-29,500001.1237500913
2016-08-01,483740.49632116366
2016-08-02,488439.5548636621
2016-08-03,491386.4778461191
2016-08-04,493992.47554591025
2016-08-05,491951.77240500815
2016-08-08,497980.91380379733
2016-08-09,502451.23325029743
2016-08-10,500934.4656860893
2016-08-11,494010.2940255475
2016-08-12,499596.14040169405
2016-08-15,510173.1641028258
2016-08-16,513405.9269697124
2016-08-17,514964.14440918795
2016-08-18,515347.62839424645
2016-08-19,516049.1604443161
2016-08-22,510490.0505462822
2016-08-23,511284.82015869574
2016-08-24,512052.82102823164
2016-08-25,508434.17116668186
2016-08-26,510106.25980516453
2016-08-29,511491.7052394745
2016-08-30,511429.85764353944
2016-08-31,512227.0220615119
2016-09-01,499177.5843293915
2016-09-02,497492.11640345113
2016-09-05,500002.7021234096
2016-09-06,506558.37963706994
2016-09-07,506862.8317517471
2016-09-08,508808.7471880471
2016-09-09,505642.4977612887
2016-09-12,491126.561440395
2016-09-13,495028.4371706146
2016-09-14,492435.5053230001
2016-09-19,497814.64563935227
2016-09-20,498007.8384850667
2016-09-21,498876.22012066713
2016-09-22,501749.89567325095
2016-09-23,500067.84020540054
2016-09-26,489637.78248510935
2016-09-27,492918.79902625317
2016-09-28,492283.1360145847
2016-09-29,494083.23790453636
2016-09-30,496531.802496946
2016-10-10,496533.77648199716
2016-10-11,500242.9796042975
2016-10-12,500252.06757400505
2016-10-13,500818.38572254666
2016-10-14,500314.1465836441
2016-10-17,495816.0759135993
2016-10-18,503371.2228004275
2016-10-19,503557.052706217
2016-10-20,504035.4523080954
2016-10-21,502226.9441008829
2016-10-24,506690.73413869797
2016-10-25,509231.5269723519
2016-10-26,507140.2896000079
2016-10-27,506730.89041032846
2016-10-28,501957.5261667194
2016-10-31,501893.50827182486
2016-11-01,498527.3361648407
2016-11-02,495670.03912569385
2016-11-03,499308.4556606532
2016-11-04,498190.11374268
2016-11-07,499185.8603255609
2016-11-08,502161.64737401233
2016-11-09,499141.151035099
2016-11-10,506422.71874568216
2016-11-11,509880.12303173443
2016-11-14,511409.1449439575
2016-11-15,513183.9678057645
2016-11-16,513128.88268627477
2016-11-17,512576.2453076644
2016-11-18,510278.5861726197
2016-11-21,511983.2382038902
2016-11-22,516150.2005116566
2016-11-23,513232.20103791554
2016-11-24,511818.4974891834
2016-11-25,512631.12352714146
2016-11-28,513150.777285748
2016-11-29,508045.88804749266
2016-11-30,504994.6107786753
2016-12-01,498700.154345452
2016-12-02,490653.6591353181
2016-12-05,487012.578132411
2016-12-06,488495.95056138205
2016-12-07,494048.9948010099
2016-12-08,491901.3157413764
2016-12-09,491093.19785197504
2016-12-12,468729.29493044066
2016-12-13,471576.53452740813
2016-12-14,469906.7578848574
2016-12-15,473728.8267835505
2016-12-16,477761.33105720155
2016-12-19,478376.450846544
2016-12-20,477219.4466310521
2016-12-21,481482.25108529895
2016-12-22,481707.84656934463
2016-12-23,475961.0818231156
2016-12-26,477937.1218587798
2016-12-27,479329.2361646907
2016-12-28,477864.4958287382
2016-12-29,476603.16049901786
2016-12-30,476897.98257059156
2017-01-03,472114.2666504255
2017-01-04,477512.07903920044
2017-01-05,478358.48600354884
2017-01-06,475821.33563897485
2017-01-09,478893.24658368307
2017-01-10,477342.6880432659
2017-01-11,471988.81910209224
2017-01-12,467613.14605402504
2017-01-13,460687.35846767086
2017-01-16,446179.27411062474
2017-01-17,449964.66486613866
2017-01-18,449977.89385461883
2017-01-19,447770.7328570318
2017-01-20,453677.19649939047
2017-01-23,457649.0817774718
2017-01-24,456932.2940109759
2017-01-25,457535.5747666454
2017-01-26,459953.76438263967
2017-02-03,451997.39256448514
2017-02-06,456331.5742209283
2017-02-07,457652.5514964812
2017-02-08,460577.5341208882
2017-02-09,464002.4312961993
2017-02-10,464605.6428188735
2017-02-13,467351.43066423974
2017-02-14,467786.55142959335
2017-02-15,463088.4082875046
2017-02-16,466888.4939823823
2017-02-17,462565.8817224048
2017-02-20,467643.66178918345
2017-02-21,470920.66099998046
2017-02-22,473255.687919503
2017-02-23,471699.5239701588
2017-02-24,472177.12999046006
2017-02-27,468066.93798108806
2017-02-28,470058.68044930114
2017-03-01,464781.18272362207
2017-03-02,461252.2509621908
2017-03-03,461052.37126372714
2017-03-06,465127.78830718517
2017-03-07,465823.9877224876
2017-03-08,464332.1510741121
2017-03-09,460425.02126988355
2017-03-10,460517.1104113975
2017-03-13,463624.3091092471
2017-03-14,462713.932443497
2017-03-15,462240.25956465176
2017-03-16,466673.45554842934
2017-03-17,462632.6171519162
2017-03-20,464360.18155660527
2017-03-21,465195.84499719896
2017-03-22,462850.6065720724
2017-03-23,463077.2191022326
2017-03-24,465180.60554935515
2017-03-27,464706.5822022504
2017-03-28,463367.57593644544
2017-03-29,461900.53228259936
2017-03-30,454150.53654132696
2017-03-31,454511.6268288315
2017-04-05,454843.99949746317
2017-04-06,456191.18669869634
2017-04-07,456723.98139803944
2017-04-10,453675.2549724716
2017-04-11,457618.90097943426
2017-04-12,454201.76959463314
2017-04-13,455421.64848436054
2017-04-14,448760.755919731
2017-04-17,442428.2165349722
2017-04-18,438632.03688069136
2017-04-19,433021.9466145209
2017-04-20,431823.23989258305
2017-04-21,429540.0998453721
2017-04-24,416708.7501665246
2017-04-25,417988.70214319235
2017-04-26,419302.7530482173
2017-04-27,420491.9903015145
2017-04-28,422458.9779506915
2017-05-02,414788.0174261044
2017-05-03,414032.7085253059
2017-05-04,412301.18877042126
2017-05-05,406768.3755752652
2017-05-08,398775.53531177604
2017-05-09,400996.52286268206
2017-05-10,393410.89825619874
2017-05-11,391393.75478868635
2017-05-12,391494.39485070633
2017-05-15,392571.57915019314
2017-05-16,399722.6825337935
2017-05-17,400940.79419355176
2017-05-18,398062.5166325704
2017-05-19,398143.6733714518
2017-05-22,391795.43194216315
2017-05-23,382131.5029257915
2017-05-24,383470.66338126577
2017-05-25,387390.9182357654
2017-05-26,387337.9996009217
2017-05-31,387050.26318966073
2017-06-01,371840.66316864104
2017-06-02,375408.98286773445
2017-06-05,377870.2290739886
2017-06-06,379727.32590436965
2017-06-07,387357.15991255833
2017-06-08,388055.4292365163
2017-06-09,388834.89461006067
2017-06-12,384640.6082839704
2017-06-13,389307.3013328124
2017-06-14,388685.19313452614
2017-06-15,391911.5992682258
2017-06-16,391568.8395403229
2017-06-19,394554.8187307874
2017-06-20,394750.9653344856
2017-06-21,395894.3115763522
2017-06-22,390347.5144576827
2017-06-23,391493.05512764293
2017-06-26,397144.17832890805
2017-06-27,397869.0838047598
2017-06-28,395810.2687529086
2017-06-29,397661.55485982285
2017-06-30,397876.6592953654
2017-07-03,394640.2283645356
2017-07-04,393256.9561516505
2017-07-05,396596.56863909366
2017-07-06,397285.0851356659
2017-07-07,399203.7822585284
2017-07-10,398715.79642886284
2017-07-11,394570.32063970226
2017-07-12,394262.35079654644
2017-07-13,395548.03001948324
2017-07-14,394373.3213271385
2017-07-17,377766.0061953801
2017-07-18,381922.1714795963
2017-07-19,389145.20920561004
2017-07-20,391574.96588487615
2017-07-21,392103.4073190086
2017-07-24,394551.5909962038
2017-07-25,392893.1287414851
2017-07-26,393130.68744042644
2017-07-27,394961.7524466648
2017-07-28,396052.8120931892
2017-07-31,400498.8752768546
2017-08-01,393997.3478100412
2017-08-02,391304.47118802945
2017-08-03,392430.8771683321
2017-08-04,390967.9174726792
2017-08-07,394537.36192713975
2017-08-08,395025.07124378457
2017-08-09,396861.6243293391
2017-08-10,393996.3433373744
2017-08-11,385163.2450840719
2017-08-14,391576.872167097
2017-08-15,392687.3487356322
2017-08-16,392887.1814190971
2017-08-17,396657.8381203145
2017-08-18,395747.3921747942
2017-08-21,398872.621417519
2017-08-22,396749.8511977853
2017-08-23,393482.4420818766
2017-08-24,390581.47921396815
2017-08-25,394918.0302519987
2017-08-28,399172.80314366537
2017-08-29,398744.7864319448
2017-08-30,400826.20340378385
2017-08-31,401486.45994066936
2017-09-01,397655.96136188693
2017-09-04,399609.6373896573
2017-09-05,399242.2685581355
2017-09-06,400519.9346069279
2017-09-07,398222.9828820308
2017-09-08,399559.0250427214
2017-09-11,402958.9476681087
2017-09-12,402646.47381093673
2017-09-13,404527.50326016406
2017-09-14,403932.14593128336
2017-09-15,401606.6889603782
2017-09-18,404133.66338911746
2017-09-19,402400.40184225707
2017-09-20,405759.3552439885
2017-09-21,401215.9595925538
2017-09-22,398970.6248004141
2017-09-25,393560.0130886665
2017-09-26,395084.8238125352
2017-09-27,397658.02735687705
2017-09-28,396109.4579174224
2017-09-29,398816.55732517154
2017-10-09,395459.54903321486
2017-10-10,397213.3485475296
2017-10-11,396100.39248537493
2017-10-12,395188.6064772428
2017-10-13,396674.37624150544
2017-10-16,390569.32615896314
2017-10-17,390198.6705463635
2017-10-18,387362.00900989625
2017-10-19,382531.1033919424
2017-10-20,386606.5010234927
2017-10-23,388613.626827425
2017-10-24,387527.3759926967
2017-10-25,389818.91733271297
2017-10-26,391495.0998633414
2017-10-27,389163.93944649264
2017-10-30,380787.28390280646
2017-10-31,383226.9198204571
2017-11-01,375677.94768419483
2017-11-02,371742.8111067531
2017-11-03,368557.69922408235
2017-11-06,372555.45286986453
2017-11-07,374983.40052685933
2017-11-08,375708.9312830794
2017-11-09,377947.5925189262
2017-11-10,378707.21953168005
2017-11-13,379506.4579845978
2017-11-14,376996.96065512294
2017-11-15,373669.2480800244
2017-11-16,372952.78290990106
2017-11-17,361434.9719503642
2017-11-20,363024.59506920725
2017-11-21,364033.9560204951
2017-11-22,364070.2177381365
2017-11-23,355269.4527504341
2017-11-24,356075.042404272
2017-11-27,352101.4024486928
2017-11-28,357008.08907865704
2017-11-29,358515.82705141214
2017-11-30,355986.6865330648
2017-12-01,351720.35623216134
2017-12-04,348612.04442958994
2017-12-05,340833.9245508681
2017-12-06,343367.5256948823
2017-12-07,342084.30948720075
2017-12-08,345450.34567952476
2017-12-11,349405.4694764247
2017-12-12,346016.484622106
2017-12-13,348486.3425860353
2017-12-14,348552.99282903393
2017-12-15,346555.75655833667
2017-12-18,344884.85052569135
2017-12-19,347252.1751389719
2017-12-20,344131.27750852634
2017-12-21,345386.22308477946
2017-12-22,344933.69367717614
2017-12-25,341023.3692683189
2017-12-26,343231.222968161
2017-12-27,341426.5096793401
2017-12-28,343047.81967575895
2017-12-29,345533.46891546046
2018-01-02,343903.03083125886
2018-01-03,347275.9039382789
2018-01-04,349001.22486345173
2018-01-05,348815.416840376
2018-01-08,350496.9380226631
2018-01-09,350036.874317969
2018-01-10,348374.9175847058
2018-01-11,348911.61919015227
2018-01-12,347231.7023227299
2018-01-15,339350.06418990117
2018-01-16,342022.57123003155
2018-01-17,341148.9140542618
2018-01-18,342390.3880733007
2018-01-19,342256.7225227605
2018-01-22,345649.5892651973
2018-01-23,346829.15762082825
2018-01-24,348100.4683233144
2018-01-25,347491.361066045
2018-01-26,347265.83353932464
2018-01-29,343013.7898129368
2018-01-30,341795.19017557846
2018-01-31,335996.1455687572
2018-02-01,319051.82700307586
2018-02-02,319704.3803176167
2018-02-05,319592.38179377443
2018-02-06,304013.76068429276
2018-02-07,303360.18330606876
2018-02-08,305563.2934625588
2018-02-09,293638.0363096331
2018-02-12,300180.6319544349
2018-02-13,301831.2716441215
2018-02-14,303159.9928596884
2018-02-22,309812.9579159598
2018-02-23,311466.0751861183
2018-02-26,317853.3981253254
2018-02-27,316982.6784366526
2018-02-28,317455.924983202
2018-03-01,315550.8037443911
2018-03-02,313702.73027194676
2018-03-05,314510.0688338864
2018-03-06,318924.2905901972
2018-03-07,316111.23719069205
2018-03-08,318202.0179362039
2018-03-09,321647.5846621964
2018-03-12,325692.3396763966
2018-03-13,323434.19321033725
2018-03-14,320862.3662052332
2018-03-15,319908.60404608847
2018-03-16,318333.4090212473
2018-03-19,317924.2915179808
2018-03-20,317960.66378773464
2018-03-21,316269.10970542184
2018-03-22,315104.7495452543
2018-03-23,300284.28489820636
2018-03-26,303947.11926752934
2018-03-27,309972.66323491477
2018-03-28,306893.25123665447
2018-03-29,309942.64196491556
2018-03-30,313241.82011399535
2018-04-02,307945.19539480703
2018-04-03,305057.1596050786
2018-04-04,303549.16624944494
2018-04-09,303964.4268926656
2018-04-10,305520.3141627733
2018-04-11,307101.77687453513
2018-04-12,305185.7199666051
2018-04-13,304122.8813540859
2018-04-16,302239.7329569041
2018-04-17,295969.61596678256
2018-04-18,298978.80483953474
2018-04-19,300859.77264655486
2018-04-20,294741.39021251653
2018-04-23,292260.4437837596
2018-04-24,298235.9853288069
2018-04-25,298759.67766735586
2018-04-26,293269.2978455197
2018-04-27,293364.81759807025
2018-05-02,286636.8753431574
2018-05-03,289213.06148425594
2018-05-04,288902.9056010181
2018-05-07,293969.70497813117
2018-05-08,296010.4955780688
2018-05-09,295660.61663191294
2018-05-10,296900.39391852956
2018-05-11,294132.40139938024
2018-05-14,293206.1318914742
2018-05-15,295930.49631915847
2018-05-16,294982.8549984277
2018-05-17,293949.39731596207
2018-05-18,295196.98009451915
2018-05-21,298719.28859244345
2018-05-22,299805.48295072874
2018-05-23,296629.0757208647
2018-05-24,296205.17488004616
2018-05-25,294044.7132108248
2018-05-28,292394.8843161523
2018-05-29,289328.54837517656
2018-05-30,280159.5137219942
2018-05-31,284545.73196309846
2018-06-01,275916.210945119
2018-06-04,275421.1940837577
2018-06-05,279891.35533746664
2018-06-06,280616.22953047615
2018-06-07,278808.3378319341
2018-06-08,275602.25871330785
2018-06-11,273927.45764197106
2018-06-12,276273.7389522405
2018-06-13,271935.87243876595
2018-06-14,271066.78759810375
2018-06-15,265525.3105345005
2018-06-19,249199.38244687987
2018-06-20,252020.89979827305
2018-06-21,246568.2787347097
2018-06-22,249939.8933972631
2018-06-25,248653.60517655255
2018-06-26,250061.59817023552
2018-06-27,247833.9132938494
2018-06-28,244973.5311503685
2018-06-29,252001.12883094724
2018-07-02,242453.71248891499
2018-07-03,244938.75507263222
2018-07-04,241051.31948673044
2018-07-05,234657.51912602334
2018-07-06,235702.6947554814
2018-07-09,241285.7144717172
2018-07-10,243078.7012768627
2018-07-11,237759.7526771323
2018-07-12,243852.57108607402
2018-07-13,244910.51663737211
2018-07-16,244921.01283840113
2018-07-17,244817.91199578578
2018-07-18,243409.81475991893
2018-07-19,241305.86182188877
2018-07-20,243892.47548280584
2018-07-23,245966.14916957036
2018-07-24,250300.80259280495
2018-07-25,250704.54414913652
2018-07-26,248813.3707120087
2018-07-27,247576.11343473286
2018-07-30,244809.61688011742
2018-07-31,244848.35194753754
2018-08-01,235293.4403411594
2018-08-02,229559.5768969942
2018-08-03,226146.18556258176
2018-08-06,220824.38966571132
2018-08-07,226919.48064463635
2018-08-08,223194.0380452022
2018-08-09,228396.2769607014
2018-08-10,229981.84893707366
2018-08-13,230904.91151630454
2018-08-14,230350.72574837727
2018-08-15,225413.8109062624
2018-08-16,223136.78436922803
2018-08-17,219198.06219816653
2018-08-20,220587.84019585044
2018-08-21,223392.82350301626
2018-08-22,220933.4920034651
2018-08-23,222014.38670861395
2018-08-24,221428.9733347493
2018-08-27,226260.0353931865
2018-08-28,226487.63652904643
2018-08-29,225081.33960803036
2018-08-30,221449.7908790174
2018-08-31,219232.97306825712
2018-09-03,214291.60495224633
2018-09-04,217003.4594615841
2018-09-05,213613.64711145087
2018-09-06,212444.3514841087
2018-09-07,213577.22799974517
2018-09-10,209564.07841733962
2018-09-11,209351.26571087606
2018-09-12,208696.45612554136
2018-09-13,210246.42796408912
2018-09-14,208167.6856546676
2018-09-17,204799.2235258926
2018-09-18,209082.34269077628
2018-09-19,211685.1928581281
2018-09-20,211564.3276255671
2018-09-21,214926.30096811702
2018-09-25,214164.13644734406
2018-09-26,215490.3378523932
2018-09-27,212856.30292327024
2018-09-28,214816.108201234
2018-10-08,203600.8486087679
2018-10-09,203978.4693587764
2018-10-10,203850.12021684626
2018-10-11,190659.96357422543
2018-10-12,190257.82890113056
2018-10-15,186932.68383821126
2018-10-16,183471.0034119496
2018-10-17,184408.29110425268
2018-10-18,177931.96350612998
2018-10-19,182098.42924073635
2018-10-22,191244.29069113752
2018-10-23,188217.66058995094
2018-10-24,187986.48657612587
2018-10-25,187165.5959186007
2018-10-26,186722.16676736702
2018-10-29,182950.92982769688
2018-10-30,184700.5850343891
2018-10-31,187609.07150726434
2018-11-01,184419.1297513344
2018-11-02,190168.42029174985
2018-11-05,191181.93798972433
2018-11-06,190643.45923867688
2018-11-07,189838.94676689059
2018-11-08,188856.6697034427
2018-11-09,187893.3613998272
2018-11-12,192348.6121624049
2018-11-13,195425.07156024748
2018-11-14,194555.9674931656
2018-11-15,197499.57171444024
2018-11-16,198977.6965037283
2018-11-19,199924.9857827767
2018-11-20,194778.84455602188
2018-11-21,196123.08458730113
2018-11-22,195918.06712972166
2018-11-23,188280.42485451995
2018-11-26,187412.58701346704
2018-11-27,188112.33853899827
2018-11-28,190329.4935723619
2018-11-29,186382.06767906106
2018-11-30,187926.67197583622
2018-12-03,185942.4485561114
2018-12-04,187623.33695491296
2018-12-05,185632.55947557994
2018-12-06,182136.52905185602
2018-12-07,182198.91102932693
2018-12-10,179915.90370883004
2018-12-11,181577.29783366545
2018-12-12,181655.92849734004
2018-12-13,183438.6903267066
2018-12-14,178700.63194900576
2018-12-17,178991.6200114171
2018-12-18,177745.21454662734
2018-12-19,175646.50775989136
2018-12-20,176373.1752688918
2018-12-21,174735.7583613997
2018-12-24,175878.673663456
2018-12-25,173857.55106669656
2018-12-26,173430.0695042646
2018-12-27,170486.77270844398
2018-12-28,170602.14716789877
2019-01-02,163373.84329168883
2019-01-03,162030.25880022917
2019-01-04,166518.54548684764
2019-01-07,169552.08218621995
2019-01-08,169382.78237829034
2019-01-09,170405.19745366726
2019-01-10,169580.35327840786
2019-01-11,170765.00575330312
2019-01-14,169946.40815662325
2019-01-15,172120.70565868396
2019-01-16,171623.08701259096
2019-01-17,170562.16915026208
2019-01-18,171654.34788899458
2019-01-21,172655.70700730517
2019-01-22,170560.07114009757
2019-01-23,170776.3879605299
2019-01-24,171332.7109497479
2019-01-25,170289.7045350523
2019-01-28,169180.22252537668
2019-01-29,166666.0906774734
2019-01-30,164216.12476699747
2019-01-31,161921.10133681368
2019-02-01,160934.06878336912
2019-02-11,165634.99019113288
2019-02-12,167867.70879739412
2019-02-13,171032.05898761592
2019-02-14,172092.81518550796
2019-02-15,171328.3467610967
2019-02-18,177579.39845489056
2019-02-19,178922.6755833807
2019-02-20,179300.55383394146
2019-02-21,179348.7179369482
2019-02-22,184401.24873221546
2019-02-25,194825.4072408301
2019-02-26,194068.0977945077
2019-02-27,193844.4719924292
2019-02-28,193090.76718943648
2019-03-01,187279.21287914077
2019-03-04,190903.66530424188
2019-03-05,195984.56962948045
2019-03-06,200063.13303169215
2019-03-07,203130.36256848442
2019-03-08,193605.16366574162
2019-03-11,201013.15363636235
2019-03-12,204906.15475063003
2019-03-13,201067.9513261301
2019-03-14,195509.84982256667
2019-03-15,198486.654269052
2019-03-18,203319.6364125049
2019-03-19,204087.11477382248
2019-03-20,204015.90704683584
2019-03-21,206333.18882499108
2019-03-22,207349.58799931858
2019-03-25,204758.44891008583
2019-03-26,199397.39051282004
2019-03-27,200852.56805917184
2019-03-28,197681.7620317067
2019-03-29,203467.2384462463
2019-04-01,199174.49837467386
2019-04-02,200319.79214561734
2019-04-03,202722.25163457633
2019-04-04,203790.5088246867
2019-04-08,203575.70939020766
2019-04-09,204126.5445298154
2019-04-10,204087.45780878898
2019-04-11,200638.2153130601
2019-04-12,200524.27852697537
2019-04-15,198874.36470006916
2019-04-16,202784.19617082583
2019-04-17,204579.92009426953
2019-04-18,203329.4627306189
2019-04-19,204836.2841377984
2019-04-22,202171.48656331893
2019-04-23,198693.21491640396
2019-04-24,200405.76470871095
2019-04-25,192294.09878814357
2019-04-26,189585.46176486774
2019-04-29,183042.2017294808
2019-04-30,184977.18170235903
2019-05-06,162525.565586944
2019-05-07,165102.03168779123
2019-05-08,164549.14737200076
2019-05-09,162803.8810048908
2019-05-10,168518.1678721655
2019-05-13,167650.65652532753
2019-05-14,166483.31590353127
2019-05-15,170360.4863819694
2019-05-16,171782.53290568752
2019-05-17,165741.83042787347
2019-05-20,164876.82192412476
2019-05-21,167970.86063223364
2019-05-22,166840.31335928245
2019-05-23,163255.0199672091
2019-05-24,162026.0478556951
2019-05-27,166224.76737484027
2019-05-28,166592.75302691167
2019-05-29,167149.73317659934
2019-05-30,166143.61122172882
2019-05-31,165912.80758796757
2019-06-03,153468.35869170708
2019-06-04,150998.12245620947
2019-06-05,150956.82209556297
2019-06-06,147541.54821933928
2019-06-10,149346.903615251
2019-06-11,154979.15161758263
2019-06-12,154230.41311013247
2019-06-13,155072.7108853292
2019-06-14,151923.46950496908
2019-06-17,151900.35807758008
2019-06-18,151661.50643188893
2019-06-19,153729.11075769216
2019-06-20,156552.11794267604
2019-06-21,158578.40729083595
2019-06-24,158810.99999516516
2019-06-25,157352.52982237833
2019-06-26,156879.10561484066
2019-06-27,158036.15319104627
2019-06-28,156258.91728505754
2019-07-01,153396.59694731154
2019-07-02,153249.87707591357
2019-07-03,151828.09530150075
2019-07-04,150972.7733686626
2019-07-05,151454.44726446472
2019-07-08,146470.12955663636
2019-07-09,146981.47401448488
2019-07-10,145763.14501403578
2019-07-11,145712.34525341747
2019-07-12,146079.15030378485
2019-07-15,147460.80253064385
2019-07-16,147776.92433940846
2019-07-17,147955.73764817353
2019-07-18,145558.3726616607
2019-07-19,146432.3506938746
2019-07-22,142372.92218614309
2019-07-23,144008.27618930626
2019-07-24,145707.81987366173
2019-07-25,146241.20839998228
2019-07-26,146359.12239648317
2019-07-29,146286.63799417025
2019-07-30,147025.77622218363
2019-07-31,146014.67137371932
2019-08-01,138571.5986031237
2019-08-02,136525.350351632
2019-08-05,134937.43461649262
2019-08-06,131795.37307863898
2019-08-07,131403.4787890977
2019-08-08,132305.000926891
2019-08-09,130731.05455485053
2019-08-12,132980.9845461239
2019-08-13,132422.7408516061
2019-08-14,133066.58867020544
2019-08-15,133575.24497095917
2019-08-16,134137.8421401514
2019-08-19,137962.26314878924
2019-08-20,138275.2303319372
2019-08-21,138240.07872945804
2019-08-22,138612.92985008273
2019-08-23,138532.18560346143
2019-08-26,137734.59272068186
2019-08-27,140110.76509413915
2019-08-28,139851.96239865734
2019-08-29,139846.88225192708
2019-08-30,138403.15913622972
2019-09-02,136130.7045522902
2019-09-03,137061.02204777466
2019-09-04,138358.77367675828
2019-09-05,139826.9028926705
2019-09-06,140440.41388165872
2019-09-09,143291.9599431117
2019-09-10,143466.89991017166
2019-09-11,142501.8726645994
2019-09-12,143310.88473656384
2019-09-16,143688.8219968652
2019-09-17,140422.33276129788
2019-09-18,140616.80414305907
2019-09-19,141996.4210011702
2019-09-20,142013.17593718425
2019-09-23,140726.29809709848
2019-09-24,141049.7535494251
2019-09-25,138520.68934322766
2019-09-26,134730.47094885554
2019-09-27,135693.32510253083
2019-09-30,134145.23476954323
2019-10-08,127702.10462600263
2019-10-09,128762.45549085659
2019-10-10,130255.01499734723
2019-10-11,130488.41643276665
2019-10-14,132469.67395093208
2019-10-15,130798.60167618736
2019-10-16,130012.72049315445
2019-10-17,129774.09123802843
2019-10-18,127900.60621173008
2019-10-21,127418.98169158508
2019-10-22,128723.3819301374
2019-10-23,127774.88076876153
2019-10-24,127593.69376563984
2019-10-25,128508.06152495983
2019-10-28,131054.70195104506
2019-10-29,129500.16340152641
2019-10-30,127881.64897235513
2019-10-31,126619.78030145171
2019-11-01,120933.83464252266
2019-11-04,121609.88628458288
2019-11-05,122094.24539912473
2019-11-06,120949.92580537044
2019-11-07,121727.24655653416
2019-11-08,121257.56643167451
2019-11-11,118411.43203270332
2019-11-12,118841.10579622324
2019-11-13,118442.51091710337
2019-11-14,119213.40359502379
2019-11-15,117881.39406096592
2019-11-18,118824.41066022345
2019-11-19,120765.01778024643
2019-11-20,119984.64411418923
2019-11-21,119747.30432895957
2019-11-22,118447.31142343323
2019-11-25,117930.2027638336
2019-11-26,117840.43739303114
2019-11-27,117789.21770104342
2019-11-28,117501.0328943753
2019-11-29,117393.79658889832
2019-12-02,111740.03370756248
2019-12-03,112324.60971360822
2019-12-04,112340.3923513396
2019-12-05,113599.91501264287
2019-12-06,114427.54426649825
2019-12-09,114900.11652720901
2019-12-10,115433.24494191371
2019-12-11,115078.80868778237
2019-12-12,115009.78154931797
2019-12-13,116499.98766864884
2019-12-16,118419.10760169728
2019-12-17,119993.1660347167
2019-12-18,120116.5594899318
2019-12-19,120402.01204324278
2019-12-20,119241.31239201971
2019-12-23,116821.39824213591
2019-12-24,118523.39830301426
2019-12-25,119140.93883243355
2019-12-26,120207.49392913163
2019-12-27,119516.06662354569
2019-12-30,120507.37142067878
2019-12-31,121334.10134384142
2020-01-02,117002.87317333806
2020-01-03,117549.11108170344
2020-01-06,118451.60231572152
2020-01-07,119962.54001865073
2020-01-08,118198.98179473751
2020-01-09,119731.09426185401
2020-01-10,119430.06732577398
2020-01-13,120869.27408695931
2020-01-14,120635.61997460108
2020-01-15,120274.31155580036
2020-01-16,119914.78445533145
2020-01-17,119497.12924312903
2020-01-20,120684.47599857522
2020-01-21,118926.75568164082
2020-01-22,119274.30297004324
2020-01-23,114782.75889635753
2020-02-03,103896.95456405687
2020-02-04,100704.16672160888
2020-02-05,101784.80443409973
2020-02-06,104416.28123078487
2020-02-07,105302.98534094404
2020-02-10,106664.0026644828
2020-02-11,106249.92793292594
2020-02-12,107901.30957337945
2020-02-13,107094.165104094
2020-02-14,107450.24736224578
2020-02-17,110718.17509294883
2020-02-18,112247.56030395391
2020-02-19,111546.38145591029
2020-02-20,113622.37705044913
2020-02-21,114954.55823450822
2020-02-24,116470.26037621031
2020-02-25,116565.8609278862
2020-02-26,114286.4681075072
2020-02-27,114277.60317042259
2020-02-28,108440.52274410432
2020-03-02,103948.8404635881
2020-03-03,105131.74209068989
2020-03-04,105952.86942197241
2020-03-05,107901.64467729839
2020-03-06,107404.08119982555
2020-03-09,103912.72329922147
2020-03-10,105880.93584923497
2020-03-11,104841.37156586786
2020-03-12,102704.64635587689
2020-03-13,101322.75125731272
2020-03-16,97170.21865200836
2020-03-17,96725.49681200615
2020-03-18,95109.49820611771
2020-03-19,95603.33280103582
2020-03-20,96966.74132043368
2020-03-23,93401.10520567372
2020-03-24,95176.59979394535
2020-03-25,97404.00784884927
2020-03-26,96538.86454285354
2020-03-27,96129.34949068545
2020-03-30,94323.02021511714
2020-03-31,94486.38402187075
2020-04-01,87183.17990102041
2020-04-02,88926.93424897571
2020-04-03,88530.39413728776
2020-04-07,91335.00579625752
2020-04-08,91587.8239885147
2020-04-09,92401.48954129258
2020-04-10,90408.72872960141
2020-04-13,89837.67295508317
2020-04-14,91465.95461746705
2020-04-15,90868.0379565862
2020-04-16,91206.40492556557
2020-04-17,91204.73430144782
2020-04-20,92239.14609291928
2020-04-21,91790.782236974
2020-04-22,92693.93938534951
2020-04-23,92388.55896504408
2020-04-24,90736.58899039339
2020-04-27,90234.31241093435
2020-04-28,88828.86322352366
2020-04-29,88634.5369139618
2020-04-30,90300.22604076703
2020-05-06,83616.79187220626
2020-05-07,83534.47792872603
2020-05-08,84395.85110968145
2020-05-11,84441.63560092155
2020-05-12,84464.89113749289
2020-05-13,84988.30890292316
2020-05-14,84140.26758526356
2020-05-15,84297.65783436112
2020-05-18,84085.54143985298
2020-05-19,84913.84932732802
2020-05-20,84175.95583805944
2020-05-21,83286.86204259822
2020-05-22,81782.56408338925
2020-05-25,81631.01942599034
2020-05-26,83242.08844723621
2020-05-27,82871.94386996095
2020-05-28,82735.41048458552
2020-05-29,83454.76879741866
2020-06-01,79148.31056447809
2020-06-02,79211.28535516498
2020-06-03,79200.50200560217
2020-06-04,79181.2678243409
2020-06-05,79168.95928747948
2020-06-08,79197.26889328625
2020-06-09,79653.56511798382
2020-06-10,79638.33454602506
2020-06-11,79295.05541090076
2020-06-12,79312.64063265322
2020-06-15,79227.21772167891
2020-06-16,80624.25825980071
2020-06-17,81056.33332945149
2020-06-18,80965.53535880099
2020-06-19,81501.34442011836
2020-06-22,81713.40506844594
2020-06-23,81795.05366869597
2020-06-24,81574.77557572046
2020-06-29,81221.25931818844
2020-06-30,82584.437087653
2020-07-01,77825.8259608968
2020-07-02,79045.97689261772
2020-07-03,80080.85795616015
2020-07-06,83491.7947830172
2020-07-07,84380.3076240265
2020-07-08,86324.91490445205
2020-07-09,88569.45524772513
2020-07-10,88082.52918117352
2020-07-13,90967.22433037318
2020-07-14,90336.77180157311
2020-07-15,88094.22087931648
2020-07-16,83888.67832906895
2020-07-17,83932.2023285923
2020-07-20,86939.83032941511
2020-07-21,87424.73588909973
2020-07-22,88025.81738945955
2020-07-23,87947.72394786953
2020-07-24,84013.96737791307
2020-07-27,84150.34028806473
2020-07-28,84946.76006793966
2020-07-29,87151.2258123034
2020-07-30,87135.73700500338
2020-07-31,88161.89307291814
2020-08-03,80455.26699191784
2020-08-04,80058.74886418604
2020-08-05,80797.29068143804
2020-08-06,80796.17439597954
2020-08-07,79956.00459577366
2020-08-10,80487.12359570757
2020-08-11,79014.49604004768
2020-08-12,78371.0612432069
2020-08-13,78829.23260983772
2020-08-14,79399.10296333613
2020-08-17,81064.57994519961
2020-08-18,81783.26216727293
2020-08-19,80774.98157138219
2020-08-20,79758.5697474878
2020-08-21,80193.58890661561
2020-08-24,80468.15255439733
2020-08-25,79720.33419647512
2020-08-26,78113.23801506615
2020-08-27,78577.82984507359
2020-08-28,79507.58606799164
2020-08-31,79643.89585039242
2020-09-01,72290.34054593435
2020-09-02,72193.56185823354
2020-09-03,71502.7894860775
2020-09-04,71156.35371720156
2020-09-07,69880.15366224159
2020-09-08,70252.09753938034
2020-09-09,68654.95193405733
2020-09-10,67206.2887814972
2020-09-11,67956.75367747729
2020-09-14,68380.87842864104
2020-09-15,68701.22933416131
2020-09-16,68330.55418236605
2020-09-17,68346.28206014012
2020-09-18,69515.4124105669
2020-09-21,69421.8198945158
2020-09-22,68367.56709467492
2020-09-23,68530.34138739947
2020-09-24,66955.56526818988
2020-09-25,66669.622462273
2020-09-28,65972.60724167601
2020-09-29,66432.30307141061
2020-09-30,66220.92558765897
2020-10-09,58830.59540073551
2020-10-12,60416.33988613545
2020-10-13,60552.239846278324
2020-10-14,60139.357416064675
2020-10-15,59727.59733025448
2020-10-16,59588.13894394059
2020-10-19,59147.613627366634
2020-10-20,59593.3704820213
2020-10-21,58978.33420964385
2020-10-22,58670.6768261352
2020-10-23,57866.43574908532
2020-10-26,57778.96761141927
2020-10-27,57843.97031954893
2020-10-28,58006.27521260684
2020-10-29,57986.87212821424
2020-10-30,56679.2951285633
2020-11-02,50365.11100428043
2020-11-03,51221.11273850121
2020-11-04,51251.66989959737
2020-11-05,52214.26811559433
2020-11-06,51949.885941099645
2020-11-09,52913.46026727203
2020-11-10,52511.5677626224
2020-11-11,52006.489522563345
2020-11-12,52148.50108773869
2020-11-13,52028.405304860025
2020-11-16,52738.46005551626
2020-11-17,52414.621560920874
2020-11-18,52505.354117375166
2020-11-19,52611.02792360055
2020-11-20,53099.84679766792
2020-11-23,53545.36504847745
2020-11-24,53529.73411401445
2020-11-25,52702.90478418321
2020-11-26,52440.00802305473
2020-11-27,52567.35296572546
2020-11-30,52358.17943956455
2020-12-01,48445.60213478559
2020-12-02,48539.2871953286
2020-12-03,48408.05399407595
2020-12-04,48559.29929490606
2020-12-07,48330.87470441855
2020-12-08,48281.642354997275
2020-12-09,47432.634320808305
2020-12-10,47401.153064003374
2020-12-11,46750.47432698855
2020-12-14,47057.3184374219
2020-12-15,47121.36211166111
2020-12-16,46869.931171062475
2020-12-17,47334.346472558624
2020-12-18,47317.642000577274
2020-12-21,47970.00627657598
2020-12-22,47045.5511641609
2020-12-23,47472.87010163028
2020-12-24,46876.02061737189
2020-12-25,47319.348999551614
2020-12-28,47138.71261622302
2020-12-29,46761.18910024214
2020-12-30,47159.120256787515
2020-12-31,47854.39651308478
