trade_date,symbol,close,off_close,diff_fen
2018-09-13,sh.600007,14.82,14.81,1.0
2018-09-04,sh.600035,3.13,3.14,1.0
2018-12-24,sh.600058,6.84,6.87,3.0
2018-10-08,sh.600091,3.47,3.46,1.0
2018-12-26,sh.600091,3.83,3.81,2.0
2018-12-17,sh.600121,3.07,3.08,1.0
2018-08-30,sh.600128,6.39,6.38,1.0
2018-09-06,sh.600128,6.27,6.28,1.0
2018-10-16,sh.600159,2.22,2.21,1.0
2018-11-01,sh.600168,5.78,5.79,1.0
2018-11-07,sh.600168,5.86,5.87,1.0
2018-10-17,sh.600178,4.01,4.0,1.0
2018-10-09,sh.600189,4.18,4.17,1.0
2018-10-18,sh.600189,3.42,3.41,1.0
2018-12-12,sh.600190,2.9,2.91,1.0
2018-12-14,sh.600190,2.9,2.89,1.0
2018-08-30,sh.600229,7.12,7.11,1.0
2018-11-28,sh.600234,7.29,7.25,4.0
2018-12-12,sh.600234,8.17,8.13,4.0
2018-10-10,sh.600235,4.49,4.48,1.0
2018-08-30,sh.600246,3.89,3.88,1.0
2018-10-11,sh.600246,3.6,3.61,1.0
2018-09-03,sh.600265,25.67,25.61,6.0
2018-09-14,sh.600265,25.3,25.28,2.0
2018-11-27,sh.600265,24.13,24.09,4.0
2018-12-17,sh.600268,3.96,3.97,1.0
2018-09-12,sh.600272,7.42,7.41,1.0
2018-10-10,sh.600279,4.22,4.2,2.0
2018-10-23,sh.600285,7.56,7.57,1.0
2018-10-24,sh.600302,3.96,3.97,1.0
2018-12-12,sh.600302,4.4,4.42,2.0
2018-12-24,sh.600321,1.85,1.84,1.0
2018-09-18,sh.600327,4.53,4.54,1.0
2018-12-18,sh.600356,5.74,5.71,3.0
2018-12-19,sh.600356,5.62,5.61,1.0
2018-09-05,sh.600377,8.97,8.96,1.0
2018-09-28,sh.600379,6.81,6.82,1.0
2018-11-07,sh.600386,3.19,3.18,1.0
2018-09-07,sh.600396,2.19,2.18,1.0
2018-10-24,sh.600396,1.95,1.94,1.0
2018-11-26,sh.600403,3.76,3.74,2.0
2018-12-11,sh.600403,3.82,3.83,1.0
2018-12-12,sh.600403,3.82,3.83,1.0
2018-08-29,sh.600421,5.24,5.25,1.0
2018-09-03,sh.600421,5.23,5.18,5.0
2018-09-04,sh.600421,5.24,5.23,1.0
2018-09-11,sh.600421,5.17,5.15,2.0
2018-09-18,sh.600421,5.15,5.14,1.0
2018-09-19,sh.600421,5.15,5.16,1.0
2018-09-18,sh.600444,10.38,10.37,1.0
2018-09-28,sh.600444,10.45,10.46,1.0
2018-09-20,sh.600452,16.22,16.16,6.0
2018-12-25,sh.600452,16.34,16.31,3.0
2018-09-14,sh.600488,3.83,3.82,1.0
2018-12-27,sh.600488,3.73,3.72,1.0
2018-10-24,sh.600510,5.5,5.49,1.0
2018-09-05,sh.600513,6.74,6.75,1.0
2018-09-25,sh.600513,6.73,6.74,1.0
2018-09-14,sh.600539,5.9,5.89,1.0
2018-10-12,sh.600539,5.75,5.72,3.0
2018-12-17,sh.600539,6.64,6.63,1.0
2018-09-17,sh.600551,8.07,8.06,1.0
2018-08-23,sh.600599,11.9,11.86,4.0
2018-10-15,sh.600605,8.14,8.11,3.0
2018-09-20,sh.600615,8.73,8.74,1.0
2018-08-22,sh.600617,5.63,5.62,1.0
2018-09-11,sh.600639,10.77,10.8,3.0
2018-12-20,sh.600644,4.56,4.57,1.0
2018-08-28,sh.600692,6.87,6.86,1.0
2018-08-27,sh.600697,20.31,20.3,1.0
2018-10-23,sh.600697,18.99,18.98,1.0
2018-11-30,sh.600697,19.42,19.43,1.0
2018-12-13,sh.600697,19.35,19.36,1.0
2018-08-30,sh.600713,4.7,4.71,1.0
2018-09-26,sh.600713,4.86,4.85,1.0
2018-09-12,sh.600714,6.69,6.67,2.0
2018-10-12,sh.600723,6.17,6.14,3.0
2018-12-19,sh.600731,4.39,4.38,1.0
2018-10-09,sh.600732,4.04,4.03,1.0
2018-08-29,sh.600742,10.43,10.44,1.0
2018-11-05,sh.600749,9.31,9.27,4.0
2018-12-24,sh.600769,4.02,4.04,2.0
2018-09-17,sh.600774,10.68,10.69,1.0
2018-09-13,sh.600778,4.72,4.73,1.0
2018-10-09,sh.600785,17.29,17.27,2.0
2018-10-10,sh.600785,17.27,17.28,1.0
2018-10-25,sh.600785,16.15,16.12,3.0
2018-10-29,sh.600785,16.18,16.19,1.0
2018-12-20,sh.600794,2.71,2.7,1.0
2018-08-29,sh.600814,5.94,5.92,2.0
2018-11-26,sh.600814,5.16,5.15,1.0
2018-09-04,sh.600817,6.87,6.86,1.0
2018-09-21,sh.600817,6.72,6.69,3.0
2018-12-17,sh.600829,6.14,6.15,1.0
2018-12-27,sh.600829,5.9,5.88,2.0
2018-08-29,sh.600830,5.21,5.18,3.0
2018-10-24,sh.600836,3.57,3.56,1.0
2018-09-14,sh.600843,7.8,7.76,4.0
2018-10-25,sh.600857,7.97,7.96,1.0
2018-11-26,sh.600865,5.95,5.94,1.0
2018-12-18,sh.600865,5.85,5.82,3.0
2018-11-27,sh.600866,3.49,3.47,2.0
2018-11-29,sh.600866,3.45,3.44,1.0
2018-10-10,sh.600936,4.29,4.28,1.0
2018-09-20,sh.600965,10.71,10.69,2.0
2018-12-24,sh.600965,10.0,9.99,1.0
2018-09-07,sh.600969,6.1,6.08,2.0
2018-09-03,sh.600976,18.5,18.54,4.0
2018-09-04,sh.600976,18.83,18.84,1.0
2018-09-05,sh.600976,18.65,18.64,1.0
2018-12-17,sh.600976,14.61,14.58,3.0
2018-12-28,sh.600976,14.33,14.28,5.0
2018-10-09,sh.600982,3.37,3.38,1.0
2018-12-12,sh.600983,5.49,5.5,1.0
2018-08-24,sh.601010,2.9,2.91,1.0
2018-12-14,sh.601107,3.34,3.33,1.0
2018-10-15,sh.601158,5.22,5.23,1.0
2018-09-10,sh.601177,6.07,6.06,1.0
2018-10-22,sh.601177,5.84,5.85,1.0
2018-10-29,sh.601188,2.97,2.96,1.0
2018-12-26,sh.601199,3.63,3.62,1.0
2018-10-09,sh.601208,3.69,3.7,1.0
2018-10-25,sh.601208,3.31,3.32,1.0
2018-08-22,sh.601218,2.6,2.59,1.0
2018-08-29,sh.601218,2.59,2.6,1.0
2018-09-25,sh.601218,2.58,2.59,1.0
2018-09-05,sh.601515,7.86,7.87,1.0
2018-10-09,sh.601515,7.84,7.81,3.0
2018-11-26,sh.601515,7.11,7.12,1.0
2018-09-18,sh.601579,9.9,9.91,1.0
2018-08-31,sh.601677,9.78,9.76,2.0
2018-11-29,sh.601677,9.54,9.51,3.0
2018-10-09,sh.601798,4.53,4.52,1.0
2018-09-25,sh.601799,50.58,50.59,1.0
2018-10-10,sh.601799,48.0,47.99,1.0
2018-10-16,sh.601882,7.05,7.03,2.0
2018-10-10,sh.601900,7.81,7.82,1.0
2018-09-25,sh.601968,3.97,3.98,1.0
2018-09-06,sh.603001,11.38,11.33,5.0
2018-12-11,sh.603001,10.43,10.42,1.0
2018-12-12,sh.603002,3.84,3.83,1.0
2018-09-10,sh.603029,13.43,13.44,1.0
2018-09-04,sh.603033,16.94,16.93,1.0
2018-09-07,sh.603033,16.89,16.92,3.0
2018-11-22,sh.603037,18.83,18.9,7.0
2018-11-28,sh.603039,68.81,68.98,17.0
2018-11-01,sh.603060,15.93,16.0,7.0
2018-09-17,sh.603090,13.34,13.25,9.0
2018-12-19,sh.603090,12.94,12.97,3.0
2018-08-31,sh.603096,75.58,75.65,7.0
2018-09-05,sh.603096,75.39,75.3,9.0
2018-09-07,sh.603096,75.4,75.37,3.0
2018-10-09,sh.603100,8.22,8.18,4.0
2018-12-12,sh.603100,8.22,8.23,1.0
2018-09-12,sh.603123,5.96,5.95,1.0
2018-09-14,sh.603123,6.0,5.99,1.0
2018-09-14,sh.603131,13.1,13.09,1.0
2018-11-07,sh.603168,7.32,7.31,1.0
2018-09-12,sh.603199,21.85,21.84,1.0
2018-09-05,sh.603203,23.18,23.17,1.0
2018-09-25,sh.603203,21.94,22.0,6.0
2018-11-20,sh.603203,20.39,20.32,7.0
2018-12-24,sh.603203,20.25,20.24,1.0
2018-10-08,sh.603208,22.76,22.64,12.0
2018-11-30,sh.603218,16.15,16.14,1.0
2018-09-14,sh.603226,16.04,16.07,3.0
2018-08-24,sh.603239,12.0,12.07,7.0
2018-08-24,sh.603316,8.79,8.8,1.0
2018-09-19,sh.603319,22.96,22.97,1.0
2018-09-13,sh.603326,9.2,9.23,3.0
2018-11-21,sh.603337,37.0,36.92,8.0
2018-12-07,sh.603360,12.92,12.93,1.0
2018-12-20,sh.603360,12.29,12.32,3.0
2018-09-12,sh.603518,15.49,15.5,1.0
2018-08-29,sh.603519,7.58,7.59,1.0
2018-10-26,sh.603520,18.03,18.1,7.0
2018-10-17,sh.603558,7.34,7.31,3.0
2018-09-07,sh.603585,21.68,21.63,5.0
2018-12-24,sh.603600,7.14,7.13,1.0
2018-10-16,sh.603656,13.36,13.37,1.0
2018-09-03,sh.603663,17.32,17.28,4.0
2018-10-17,sh.603663,14.32,14.34,2.0
2018-10-18,sh.603663,14.14,14.15,1.0
2018-10-10,sh.603698,14.75,14.76,1.0
2018-10-29,sh.603698,13.91,13.9,1.0
2018-11-07,sh.603698,14.26,14.27,1.0
2018-09-03,sh.603708,22.07,22.09,2.0
2018-12-20,sh.603808,15.88,15.8,8.0
2018-08-20,sh.603823,14.3,14.29,1.0
2018-09-11,sh.603855,8.38,8.39,1.0
2018-12-11,sh.603855,8.22,8.21,1.0
2018-08-29,sh.603866,56.89,56.93,4.0
2018-11-29,sh.603866,47.7,47.82,12.0
2018-09-10,sh.603869,17.4,17.39,1.0
2018-10-09,sh.603869,16.83,16.84,1.0
2018-12-18,sh.603869,15.71,15.7,1.0
2018-09-11,sh.603879,10.0,10.03,3.0
2018-10-29,sh.603887,13.26,13.16,10.0
2018-11-22,sh.603887,15.48,15.45,3.0
2018-10-18,sh.603889,8.15,8.16,1.0
2018-09-04,sh.603926,15.81,15.79,2.0
2018-09-05,sh.603926,15.65,15.6,5.0
2018-12-18,sh.603960,28.63,28.7,7.0
2018-08-30,sh.603985,18.09,18.05,4.0
2018-08-24,sh.603987,6.14,6.11,3.0
2018-08-23,sh.603990,33.75,33.72,3.0
2018-09-18,sh.603990,32.8,32.79,1.0
2018-10-19,sh.603990,29.42,29.4,2.0
2018-12-10,sh.603990,32.62,32.53,9.0
2019-01-31,sh.600007,13.3,13.28,2.0
2019-01-03,sh.600067,3.59,3.6,1.0
2019-07-23,sh.600091,3.7,3.68,2.0
2019-08-07,sh.600091,3.46,3.45,1.0
2019-06-26,sh.600097,10.36,10.35,1.0
2019-08-13,sh.600099,6.52,6.5,2.0
2019-09-10,sh.600099,7.16,7.17,1.0
2019-10-29,sh.600101,6.16,6.17,1.0
2019-01-21,sh.600106,3.15,3.14,1.0
2019-01-21,sh.600127,3.02,3.04,2.0
2019-06-17,sh.600137,14.32,14.3,2.0
2019-12-03,sh.600137,13.89,13.93,4.0
2019-12-09,sh.600137,14.02,14.03,1.0
2019-11-15,sh.600168,6.43,6.44,1.0
2019-01-21,sh.600173,3.94,3.95,1.0
2019-08-12,sh.600179,2.6,2.61,1.0
2019-01-02,sh.600222,3.41,3.4,1.0
2019-08-02,sh.600228,6.96,6.94,2.0
2019-08-07,sh.600229,6.55,6.56,1.0
2019-11-27,sh.600229,6.68,6.69,1.0
2019-05-15,sh.600234,7.96,7.95,1.0
2019-05-23,sh.600234,6.57,6.58,1.0
2019-09-04,sh.600234,8.78,8.77,1.0
2019-09-16,sh.600234,8.44,8.45,1.0
2019-09-18,sh.600234,8.19,8.2,1.0
2019-10-10,sh.600234,8.52,8.44,8.0
2019-10-25,sh.600234,8.83,8.84,1.0
2019-12-13,sh.600234,8.85,8.82,3.0
2019-07-10,sh.600241,5.9,5.93,3.0
2019-05-31,sh.600243,4.51,4.5,1.0
2019-07-30,sh.600243,4.4,4.39,1.0
2019-01-23,sh.600246,3.48,3.47,1.0
2019-09-03,sh.600247,3.97,3.96,1.0
2019-09-24,sh.600247,3.97,3.98,1.0
2019-12-05,sh.600250,6.23,6.22,1.0
2019-12-06,sh.600250,6.2,6.22,2.0
2019-09-05,sh.600262,20.51,20.52,1.0
2019-02-01,sh.600265,23.09,23.11,2.0
2019-03-12,sh.600265,29.23,29.07,16.0
2019-04-24,sh.600265,27.48,27.42,6.0
2019-05-06,sh.600265,27.33,27.05,28.0
2019-06-03,sh.600265,28.12,28.04,8.0
2019-06-17,sh.600265,27.55,27.43,12.0
2019-06-26,sh.600265,27.8,27.78,2.0
2019-07-03,sh.600265,27.7,27.69,1.0
2019-07-10,sh.600265,27.84,27.77,7.0
2019-07-16,sh.600265,27.38,27.37,1.0
2019-07-24,sh.600265,25.99,25.92,7.0
2019-08-27,sh.600265,27.48,27.47,1.0
2019-09-12,sh.600265,26.1,26.08,2.0
2019-09-30,sh.600265,26.66,26.65,1.0
2019-10-17,sh.600265,26.05,26.04,1.0
2019-10-18,sh.600265,26.02,25.97,5.0
2019-10-23,sh.600265,26.0,25.93,7.0
2019-10-24,sh.600265,25.89,25.75,14.0
2019-11-21,sh.600265,24.67,24.63,4.0
2019-11-22,sh.600265,24.66,24.67,1.0
2019-11-26,sh.600265,24.79,24.8,1.0
2019-12-02,sh.600265,25.39,25.38,1.0
2019-12-10,sh.600265,24.99,24.88,11.0
2019-12-24,sh.600265,24.65,24.6,5.0
2019-10-29,sh.600272,7.91,7.89,2.0
2019-11-08,sh.600272,7.68,7.67,1.0
2019-11-13,sh.600272,7.43,7.44,1.0
2019-05-16,sh.600301,7.33,7.3,3.0
2019-09-05,sh.600301,6.69,6.68,1.0
2019-09-17,sh.600301,6.42,6.41,1.0
2019-11-15,sh.600301,6.67,6.64,3.0
2019-07-29,sh.600302,4.99,5.01,2.0
2019-10-10,sh.600320,3.43,3.42,1.0
2019-05-29,sh.600358,4.34,4.33,1.0
2019-01-08,sh.600367,7.43,7.41,2.0
2019-01-25,sh.600370,2.91,2.9,1.0
2019-12-03,sh.600379,5.36,5.37,1.0
2019-09-26,sh.600385,7.4,7.39,1.0
2019-10-21,sh.600385,7.19,7.22,3.0
2019-12-13,sh.600385,7.87,7.88,1.0
2019-11-04,sh.600396,1.76,1.75,1.0
2019-11-26,sh.600396,1.79,1.78,1.0
2019-06-18,sh.600403,3.84,3.83,1.0
2019-12-06,sh.600421,7.99,8.02,3.0
2019-12-09,sh.600421,8.12,8.14,2.0
2019-08-08,sh.600423,2.74,2.75,1.0
2019-09-26,sh.600444,10.85,10.81,4.0
2019-08-14,sh.600449,8.32,8.31,1.0
2019-08-14,sh.600461,5.71,5.72,1.0
2019-11-27,sh.600461,5.84,5.85,1.0
2019-08-12,sh.600488,3.91,3.92,1.0
2019-11-12,sh.600493,5.33,5.31,2.0
2019-11-18,sh.600493,5.18,5.17,1.0
2019-11-26,sh.600493,5.23,5.24,1.0
2019-01-22,sh.600509,3.77,3.76,1.0
2019-01-24,sh.600510,6.1,6.09,1.0
2019-07-30,sh.600526,5.38,5.37,1.0
2019-01-09,sh.600539,6.48,6.47,1.0
2019-01-10,sh.600539,6.47,6.46,1.0
2019-01-15,sh.600539,6.56,6.54,2.0
2019-05-14,sh.600539,7.0,7.01,1.0
2019-05-24,sh.600539,6.71,6.7,1.0
2019-09-17,sh.600539,6.25,6.26,1.0
2019-09-18,sh.600539,6.27,6.28,1.0
2019-09-26,sh.600539,6.25,6.24,1.0
2019-06-03,sh.600551,9.16,9.17,1.0
2019-06-27,sh.600551,9.25,9.29,4.0
2019-08-01,sh.600551,8.89,8.88,1.0
2019-12-02,sh.600558,3.06,3.05,1.0
2019-01-30,sh.600573,7.0,6.99,1.0
2019-09-11,sh.600605,11.26,11.25,1.0
2019-11-27,sh.600608,4.48,4.44,4.0
2019-07-17,sh.600615,7.02,7.03,1.0
2019-01-11,sh.600616,4.98,4.99,1.0
2019-01-29,sh.600629,10.99,10.98,1.0
2019-05-28,sh.600629,12.17,12.18,1.0
2019-08-01,sh.600629,9.4,9.43,3.0
2019-12-25,sh.600644,5.49,5.47,2.0
2019-01-21,sh.600661,20.17,20.18,1.0
2019-07-03,sh.600665,3.97,3.98,1.0
2019-08-06,sh.600665,3.54,3.55,1.0
2019-10-29,sh.600665,3.49,3.51,2.0
2019-11-18,sh.600692,6.09,6.1,1.0
2019-01-16,sh.600697,18.82,18.79,3.0
2019-08-13,sh.600697,17.24,17.22,2.0
2019-08-01,sh.600713,4.31,4.32,1.0
2019-08-29,sh.600714,5.86,5.88,2.0
2019-09-11,sh.600714,6.18,6.16,2.0
2019-09-23,sh.600714,6.04,6.02,2.0
2019-12-20,sh.600719,4.83,4.81,2.0
2019-11-15,sh.600721,5.56,5.55,1.0
2019-01-23,sh.600724,3.39,3.4,1.0
2019-05-20,sh.600724,3.83,3.81,2.0
2019-09-10,sh.600725,2.97,2.96,1.0
2019-10-30,sh.600725,2.89,2.87,2.0
2019-06-18,sh.600726,1.79,1.78,1.0
2019-12-11,sh.600744,2.51,2.52,1.0
2019-06-06,sh.600764,25.72,25.63,9.0
2019-01-28,sh.600767,4.67,4.66,1.0
2019-11-13,sh.600767,5.28,5.27,1.0
2019-11-26,sh.600767,5.14,5.13,1.0
2019-01-02,sh.600768,9.67,9.68,1.0
2019-09-30,sh.600774,11.52,11.5,2.0
2019-10-29,sh.600774,11.89,11.91,2.0
2019-01-03,sh.600778,4.5,4.49,1.0
2019-02-26,sh.600778,4.94,4.93,1.0
2019-01-03,sh.600785,16.35,16.37,2.0
2019-01-22,sh.600785,16.58,16.63,5.0
2019-02-22,sh.600785,17.0,17.04,4.0
2019-06-04,sh.600785,16.34,16.36,2.0
2019-06-06,sh.600785,16.38,16.39,1.0
2019-07-15,sh.600785,16.08,16.12,4.0
2019-07-17,sh.600785,16.15,16.18,3.0
2019-07-18,sh.600785,16.08,16.07,1.0
2019-08-06,sh.600785,15.11,15.07,4.0
2019-10-24,sh.600785,14.97,14.98,1.0
2019-11-20,sh.600785,14.56,14.54,2.0
2019-11-25,sh.600785,14.45,14.43,2.0
2019-05-14,sh.600790,3.85,3.84,1.0
2019-08-07,sh.600790,3.49,3.5,1.0
2019-11-27,sh.600791,3.53,3.54,1.0
2019-08-06,sh.600812,4.04,4.05,1.0
2019-05-30,sh.600814,5.33,5.32,1.0
2019-07-02,sh.600814,5.37,5.36,1.0
2019-08-21,sh.600815,2.93,2.92,1.0
2019-12-03,sh.600815,3.04,3.03,1.0
2019-07-01,sh.600817,8.25,8.24,1.0
2019-08-09,sh.600817,7.2,7.18,2.0
2019-01-17,sh.600819,4.21,4.2,1.0
2019-12-25,sh.600824,3.38,3.37,1.0
2019-07-09,sh.600828,4.91,4.92,1.0
2019-12-02,sh.600829,6.38,6.39,1.0
2019-09-16,sh.600833,10.04,10.05,1.0
2019-10-23,sh.600843,7.67,7.68,1.0
2019-11-11,sh.600843,7.34,7.3,4.0
2019-12-10,sh.600843,7.25,7.26,1.0
2019-06-17,sh.600847,11.86,11.85,1.0
2019-07-25,sh.600854,3.92,3.91,1.0
2019-08-14,sh.600854,3.65,3.64,1.0
2019-08-26,sh.600857,9.16,9.15,1.0
2019-11-25,sh.600857,9.19,9.2,1.0
2019-12-11,sh.600857,9.25,9.28,3.0
2019-01-21,sh.600861,6.87,6.88,1.0
2019-11-25,sh.600861,8.32,8.33,1.0
2019-12-02,sh.600861,8.23,8.21,2.0
2019-08-13,sh.600865,5.49,5.48,1.0
2019-08-28,sh.600865,5.83,5.84,1.0
2019-09-19,sh.600870,3.64,3.63,1.0
2019-05-28,sh.600882,9.41,9.42,1.0
2019-11-01,sh.600888,4.51,4.5,1.0
2019-11-27,sh.600889,4.21,4.2,1.0
2019-05-27,sh.600976,16.59,16.6,1.0
2019-06-26,sh.600976,16.84,16.87,3.0
2019-07-04,sh.600976,16.41,16.43,2.0
2019-08-05,sh.600976,15.12,15.09,3.0
2019-07-23,sh.600979,4.16,4.17,1.0
2019-10-08,sh.600982,3.04,3.03,1.0
2019-06-28,sh.600992,8.18,8.2,2.0
2019-08-05,sh.600992,7.37,7.38,1.0
2019-10-21,sh.601007,9.46,9.48,2.0
2019-12-25,sh.601028,5.11,5.1,1.0
2019-11-18,sh.601126,5.25,5.26,1.0
2019-10-25,sh.601158,5.79,5.78,1.0
2019-11-25,sh.601199,3.67,3.68,1.0
2019-10-10,sh.601368,5.9,5.89,1.0
2019-10-29,sh.601368,5.95,5.96,1.0
2019-12-23,sh.601368,5.71,5.7,1.0
2019-01-02,sh.601515,6.9,6.81,9.0
2019-01-09,sh.601515,7.15,7.14,1.0
2019-01-23,sh.601579,9.16,9.17,1.0
2019-01-28,sh.601579,9.12,9.11,1.0
2019-09-12,sh.601677,11.07,11.06,1.0
2019-07-30,sh.601798,6.24,6.25,1.0
2019-08-27,sh.601798,6.57,6.56,1.0
2019-08-29,sh.601798,6.49,6.5,1.0
2019-11-22,sh.601798,6.3,6.29,1.0
2019-10-08,sh.601965,7.27,7.26,1.0
2019-01-10,sh.601999,5.44,5.46,2.0
2019-01-31,sh.601999,5.1,5.11,1.0
2019-07-03,sh.601999,6.19,6.2,1.0
2019-11-13,sh.601999,5.29,5.3,1.0
2019-02-19,sh.603001,10.53,10.52,1.0
2019-05-09,sh.603001,10.37,10.39,2.0
2019-06-05,sh.603001,9.93,9.92,1.0
2019-07-31,sh.603001,10.17,10.18,1.0
2019-07-26,sh.603011,4.98,4.97,1.0
2019-11-04,sh.603017,10.83,10.84,1.0
2019-01-02,sh.603018,17.4,17.36,4.0
2019-12-10,sh.603020,7.84,7.85,1.0
2019-01-03,sh.603023,4.69,4.68,1.0
2019-09-12,sh.603023,4.66,4.64,2.0
2019-06-12,sh.603029,14.01,14.03,2.0
2019-12-18,sh.603029,14.25,14.31,6.0
2019-12-23,sh.603033,17.46,17.48,2.0
2019-12-04,sh.603037,16.28,16.22,6.0
2019-01-28,sh.603039,77.3,76.86,44.0
2019-09-18,sh.603040,29.08,29.1,2.0
2019-03-25,sh.603041,16.79,16.73,6.0
2019-04-30,sh.603041,15.77,15.76,1.0
2019-05-29,sh.603041,15.59,15.61,2.0
2019-08-07,sh.603041,15.13,15.15,2.0
2019-09-12,sh.603041,16.59,16.6,1.0
2019-11-26,sh.603063,8.07,8.08,1.0
2019-01-28,sh.603088,11.86,11.88,2.0
2019-07-29,sh.603089,13.89,13.94,5.0
2019-01-17,sh.603090,13.61,13.63,2.0
2019-01-23,sh.603090,13.74,13.72,2.0
2019-04-22,sh.603096,61.23,61.19,4.0
2019-08-30,sh.603096,60.0,60.02,2.0
2019-11-12,sh.603099,8.69,8.68,1.0
2019-01-03,sh.603100,7.65,7.63,2.0
2019-07-17,sh.603101,6.67,6.64,3.0
2019-08-14,sh.603116,7.32,7.31,1.0
2019-01-28,sh.603123,5.82,5.83,1.0
2019-01-31,sh.603123,5.64,5.67,3.0
2019-07-30,sh.603123,5.81,5.82,1.0
2019-09-03,sh.603123,5.69,5.7,1.0
2019-10-17,sh.603123,5.99,5.98,1.0
2019-07-11,sh.603129,21.55,21.54,1.0
2019-01-17,sh.603166,5.44,5.42,2.0
2019-11-14,sh.603188,7.09,7.1,1.0
2019-05-22,sh.603199,20.77,20.82,5.0
2019-06-03,sh.603199,20.28,20.34,6.0
2019-06-05,sh.603199,20.27,20.29,2.0
2019-06-17,sh.603199,20.43,20.5,7.0
2019-10-25,sh.603200,23.89,23.9,1.0
2019-01-30,sh.603203,21.54,21.44,10.0
2019-12-02,sh.603223,6.05,6.03,2.0
2019-11-13,sh.603229,14.05,14.08,3.0
2019-05-21,sh.603238,17.31,17.3,1.0
2019-11-22,sh.603238,17.2,17.15,5.0
2019-08-30,sh.603268,15.39,15.31,8.0
2019-11-12,sh.603268,15.35,15.33,2.0
2019-11-13,sh.603268,15.1,15.07,3.0
2019-01-29,sh.603269,13.61,13.64,3.0
2019-06-05,sh.603269,14.49,14.44,5.0
2019-07-19,sh.603303,8.98,9.01,3.0
2019-07-23,sh.603306,13.14,13.15,1.0
2019-08-14,sh.603311,9.4,9.38,2.0
2019-01-14,sh.603315,11.54,11.5,4.0
2019-07-29,sh.603316,8.81,8.84,3.0
2019-06-03,sh.603319,17.07,17.06,1.0
2019-07-22,sh.603319,16.47,16.46,1.0
2019-09-06,sh.603319,16.34,16.35,1.0
2019-11-08,sh.603330,13.22,13.23,1.0
2019-09-23,sh.603331,16.45,16.39,6.0
2019-11-26,sh.603331,15.11,15.12,1.0
2019-07-10,sh.603416,24.35,24.34,1.0
2019-11-26,sh.603488,8.03,8.05,2.0
2019-11-29,sh.603488,7.98,7.99,1.0
2019-08-29,sh.603519,15.27,15.22,5.0
2019-06-18,sh.603567,12.18,12.2,2.0
2019-11-05,sh.603577,11.08,11.1,2.0
2019-12-02,sh.603577,9.91,9.92,1.0
2019-06-03,sh.603578,19.31,19.3,1.0
2019-12-19,sh.603580,12.32,12.3,2.0
2019-01-09,sh.603600,7.27,7.26,1.0
2019-07-10,sh.603611,16.55,16.58,3.0
2019-08-16,sh.603611,15.32,15.34,2.0
2019-07-24,sh.603656,15.52,15.48,4.0
2019-10-15,sh.603656,16.09,16.1,1.0
2019-11-26,sh.603656,14.34,14.32,2.0
2019-07-23,sh.603665,23.65,23.66,1.0
2019-10-22,sh.603665,21.57,21.59,2.0
2019-11-21,sh.603665,20.6,20.53,7.0
2019-11-22,sh.603665,20.5,20.46,4.0
2019-05-20,sh.603669,11.09,11.12,3.0
2019-07-26,sh.603669,7.44,7.46,2.0
2019-08-14,sh.603685,11.01,11.03,2.0
2019-01-16,sh.603698,14.98,15.01,3.0
2019-01-03,sh.603730,20.7,20.68,2.0
2019-05-28,sh.603758,5.71,5.7,1.0
2019-02-15,sh.603779,12.85,12.89,4.0
2019-01-14,sh.603797,12.19,12.2,1.0
2019-08-06,sh.603813,17.3,17.23,7.0
2019-08-22,sh.603813,17.09,17.13,4.0
2019-09-16,sh.603813,18.34,18.31,3.0
2019-01-03,sh.603838,9.27,9.26,1.0
2019-01-23,sh.603855,8.29,8.3,1.0
2019-07-29,sh.603855,8.52,8.51,1.0
2019-08-13,sh.603855,8.39,8.37,2.0
2019-01-23,sh.603860,24.34,24.23,11.0
2019-06-17,sh.603860,26.54,26.51,3.0
2019-08-06,sh.603860,26.87,26.84,3.0
2019-08-21,sh.603860,27.52,27.59,7.0
2019-11-20,sh.603860,25.9,25.88,2.0
2019-11-25,sh.603860,24.85,24.87,2.0
2019-11-29,sh.603860,25.25,25.26,1.0
2019-12-11,sh.603860,26.0,25.99,1.0
2019-01-25,sh.603887,14.44,14.31,13.0
2019-01-28,sh.603908,22.55,22.54,1.0
2019-06-06,sh.603908,23.45,23.4,5.0
2019-07-24,sh.603918,10.12,10.13,1.0
2019-01-14,sh.603926,14.55,14.5,5.0
2019-10-11,sh.603926,11.82,11.89,7.0
2019-10-18,sh.603928,12.19,12.2,1.0
2019-06-05,sh.603955,14.85,14.91,6.0
2019-08-26,sh.603958,7.32,7.31,1.0
2019-10-21,sh.603968,15.14,15.15,1.0
2019-10-22,sh.603985,16.21,16.24,3.0
2019-12-23,sh.603985,14.78,14.76,2.0
2019-01-14,sh.603990,31.77,31.7,7.0
2019-03-21,sh.603990,48.79,48.68,11.0
2019-01-15,sh.603991,19.38,19.34,4.0
2019-01-28,sh.603991,18.26,18.28,2.0
2019-07-17,sh.603991,20.28,20.23,5.0
2019-11-13,sh.603991,16.69,16.68,1.0
2020-10-21,sh.600012,5.16,5.18,2.0
2020-06-18,sh.600084,2.38,2.37,1.0
2020-10-16,sh.600091,2.57,2.58,1.0
2020-10-28,sh.600098,5.7,5.71,1.0
2020-08-27,sh.600112,1.81,1.82,1.0
2020-12-03,sh.600137,15.65,15.66,1.0
2020-02-14,sh.600193,3.3,3.29,1.0
2020-06-02,sh.600193,3.99,3.98,1.0
2020-09-14,sh.600193,4.98,4.97,1.0
2020-12-30,sh.600193,4.65,4.66,1.0
2020-04-27,sh.600202,4.18,4.17,1.0
2020-04-01,sh.600234,9.08,9.07,1.0
2020-06-24,sh.600234,9.07,9.06,1.0
2020-10-13,sh.600234,9.03,9.04,1.0
2020-12-01,sh.600241,3.6,3.57,3.0
2020-06-10,sh.600243,2.58,2.57,1.0
2020-02-04,sh.600265,21.63,21.52,11.0
2020-02-07,sh.600265,21.79,21.76,3.0
2020-02-13,sh.600265,22.2,22.19,1.0
2020-02-28,sh.600265,21.08,21.05,3.0
2020-04-10,sh.600265,22.12,22.18,6.0
2020-06-08,sh.600265,20.01,20.02,1.0
2020-06-29,sh.600265,20.51,20.5,1.0
2020-07-27,sh.600265,20.12,19.98,14.0
2020-07-31,sh.600265,20.16,20.15,1.0
2020-09-02,sh.600265,20.67,20.71,4.0
2020-09-03,sh.600265,20.64,20.65,1.0
2020-09-21,sh.600265,20.66,20.71,5.0
2020-10-16,sh.600265,18.95,18.91,4.0
2020-10-26,sh.600265,18.73,18.72,1.0
2020-07-07,sh.600267,15.68,15.67,1.0
2020-11-20,sh.600289,3.35,3.34,1.0
2020-02-14,sh.600301,6.25,6.19,6.0
2020-06-08,sh.600301,6.65,6.62,3.0
2020-07-30,sh.600301,6.36,6.35,1.0
2020-10-13,sh.600301,6.5,6.51,1.0
2020-10-21,sh.600301,6.47,6.46,1.0
2020-05-14,sh.600306,4.15,4.13,2.0
2020-07-01,sh.600306,4.72,4.73,1.0
2020-07-20,sh.600306,4.69,4.71,2.0
2020-07-23,sh.600358,2.91,2.9,1.0
2020-11-02,sh.600358,2.94,2.93,1.0
2020-04-10,sh.600385,7.25,7.24,1.0
2020-06-15,sh.600385,6.36,6.4,4.0
2020-05-25,sh.600421,12.68,12.65,3.0
2020-09-09,sh.600421,15.8,15.61,19.0
2020-06-17,sh.600423,2.77,2.76,1.0
2020-07-23,sh.600423,2.83,2.82,1.0
2020-06-02,sh.600444,9.76,9.77,1.0
2020-10-19,sh.600444,10.43,10.42,1.0
2020-02-27,sh.600539,5.94,5.92,2.0
2020-05-12,sh.600539,6.12,6.13,1.0
2020-07-08,sh.600539,7.01,7.0,1.0
2020-07-16,sh.600539,6.89,6.83,6.0
2020-08-17,sh.600539,7.17,7.18,1.0
2020-10-19,sh.600539,7.3,7.29,1.0
2020-11-25,sh.600539,7.14,7.13,1.0
2020-12-15,sh.600539,6.86,6.84,2.0
2020-03-06,sh.600605,10.74,10.73,1.0
2020-12-08,sh.600605,12.39,12.4,1.0
2020-05-27,sh.600608,4.28,4.29,1.0
2020-04-28,sh.600644,4.72,4.73,1.0
2020-11-20,sh.600661,15.03,15.07,4.0
2020-11-10,sh.600665,3.51,3.5,1.0
2020-09-03,sh.600671,10.47,10.46,1.0
2020-09-28,sh.600671,8.85,8.84,1.0
2020-11-06,sh.600696,7.9,7.85,5.0
2020-11-05,sh.600714,5.46,5.45,1.0
2020-09-15,sh.600716,4.03,4.04,1.0
2020-09-15,sh.600721,4.9,4.91,1.0
2020-10-29,sh.600721,4.51,4.5,1.0
2020-12-22,sh.600724,3.72,3.7,2.0
2020-06-17,sh.600774,10.63,10.65,2.0
2020-12-22,sh.600785,13.18,13.17,1.0
2020-05-11,sh.600821,3.61,3.63,2.0
2020-12-15,sh.600843,6.27,6.28,1.0
2020-08-20,sh.600847,11.86,11.85,1.0
2020-11-26,sh.600847,10.12,10.14,2.0
2020-10-28,sh.600851,7.25,7.24,1.0
2020-09-15,sh.600860,4.15,4.13,2.0
2020-11-30,sh.600870,2.7,2.71,1.0
2020-06-30,sh.600892,2.73,2.72,1.0
2020-12-29,sh.600892,2.91,2.9,1.0
2020-03-31,sh.600897,17.42,17.41,1.0
2020-02-27,sh.600962,7.26,7.27,1.0
2020-04-01,sh.600982,2.68,2.67,1.0
2020-06-19,sh.600992,6.34,6.35,1.0
2020-01-06,sh.601199,3.82,3.81,1.0
2020-07-30,sh.601579,8.82,8.83,1.0
2020-09-23,sh.603016,24.3,24.25,5.0
2020-11-23,sh.603031,26.74,26.73,1.0
2020-01-08,sh.603038,14.74,14.73,1.0
2020-09-30,sh.603038,10.38,10.36,2.0
2020-05-21,sh.603040,28.39,28.41,2.0
2020-05-12,sh.603090,15.24,15.25,1.0
2020-06-17,sh.603188,5.96,5.97,1.0
2020-08-11,sh.603188,5.92,5.91,1.0
2020-08-27,sh.603188,5.84,5.85,1.0
2020-04-03,sh.603199,20.43,20.41,2.0
2020-02-11,sh.603331,15.05,15.03,2.0
2020-08-24,sh.603389,4.08,4.07,1.0
2020-06-03,sh.603507,24.0,24.11,11.0
2020-03-23,sh.603656,13.84,13.78,6.0
2020-01-20,sh.603665,22.56,22.66,10.0
2020-01-22,sh.603665,22.37,22.41,4.0
2020-06-17,sh.603677,10.45,10.44,1.0
2020-06-30,sh.603778,3.43,3.42,1.0
2020-09-28,sh.603779,5.3,5.28,2.0
2020-11-19,sh.603800,10.97,10.98,1.0
2020-02-12,sh.603860,24.69,24.67,2.0
2020-11-10,sh.603860,25.31,25.37,6.0
2020-12-29,sh.603908,23.35,23.34,1.0
2020-04-10,sh.603928,10.59,10.58,1.0
2020-11-30,sh.603963,8.55,8.52,3.0
2020-12-02,sh.688004,59.78,59.77,1.0
2020-12-28,sh.688016,256.72,256.64,8.0
2020-10-19,sh.688021,60.87,60.83,4.0
2020-08-19,sh.688023,272.76,272.85,9.0
2020-12-22,sh.688023,237.2,236.87,33.0
2020-08-07,sh.688025,73.03,72.62,41.0
2020-09-24,sh.688025,53.5,53.43,7.0
2020-12-15,sh.688039,70.23,70.22,1.0
2020-10-21,sh.688058,110.5,110.27,23.0
2020-09-04,sh.688069,106.37,106.81,44.0
2020-12-29,sh.688069,62.47,62.44,3.0
2020-09-07,sh.688080,74.48,74.31,17.0
2020-11-25,sh.688080,67.64,67.62,2.0
2020-11-24,sh.688081,38.15,38.22,7.0
2020-11-25,sh.688081,37.15,37.14,1.0
2020-10-26,sh.688089,50.65,50.89,24.0
2020-12-01,sh.688089,47.77,47.74,3.0
2020-12-03,sh.688090,49.54,49.57,3.0
2020-12-07,sh.688090,49.16,49.03,13.0
2020-12-09,sh.688090,46.93,46.83,10.0
2020-12-15,sh.688090,44.5,44.53,3.0
2020-11-19,sh.688096,24.2,24.18,2.0
2020-12-01,sh.688096,23.49,23.48,1.0
2020-12-28,sh.688118,24.83,24.86,3.0
2020-12-04,sh.688157,94.38,94.47,9.0
2020-11-10,sh.688159,37.09,37.17,8.0
2020-05-08,sh.688178,40.92,40.96,4.0
2020-11-18,sh.688178,38.07,38.09,2.0
2020-10-20,sh.688188,253.74,254.11,37.0
2020-12-07,sh.688188,262.0,262.19,19.0
2020-11-05,sh.688198,99.72,99.4,32.0
2020-12-08,sh.688198,83.35,83.11,24.0
2020-11-26,sh.688202,137.48,137.25,23.0
2020-12-02,sh.688202,139.14,139.28,14.0
2020-11-19,sh.688218,24.06,24.05,1.0
2020-12-14,sh.688228,52.08,51.95,13.0
2020-12-29,sh.688228,47.41,47.39,2.0
2020-10-21,sh.688229,121.6,121.79,19.0
2020-10-28,sh.688229,116.35,116.46,11.0
2020-12-03,sh.688309,38.65,38.63,2.0
2020-09-24,sh.688310,35.46,35.56,10.0
2020-12-14,sh.688312,29.34,29.35,1.0
2020-12-09,sh.688356,102.3,102.24,6.0
2020-11-20,sh.688358,62.0,62.01,1.0
2020-11-23,sh.688360,39.7,39.72,2.0
2020-04-13,sh.688368,69.02,68.69,33.0
2020-09-01,sh.688368,118.4,118.24,16.0
2020-11-04,sh.688398,53.21,53.22,1.0
2020-12-28,sh.688528,16.11,16.1,1.0
2020-12-29,sh.688528,16.21,16.25,4.0
2020-12-01,sh.688550,101.3,101.26,4.0
2020-11-11,sh.688600,20.48,20.47,1.0
2020-11-25,sh.688600,20.5,20.46,4.0
2021-01-06,sh.600010,1.16,1.17,1.0
2021-03-04,sh.600083,5.86,5.85,1.0
2021-07-16,sh.600091,2.68,2.67,1.0
2021-05-17,sh.600137,13.0,13.03,3.0
2021-07-29,sh.600159,2.25,2.26,1.0
2021-07-20,sh.600190,2.75,2.74,1.0
2021-01-06,sh.600193,4.82,4.79,3.0
2021-05-17,sh.600193,6.85,6.83,2.0
2021-07-20,sh.600229,5.94,5.93,1.0
2021-01-14,sh.600234,8.88,8.86,2.0
2021-01-21,sh.600234,9.02,9.0,2.0
2021-02-24,sh.600234,9.06,9.04,2.0
2021-03-04,sh.600234,9.18,9.17,1.0
2021-03-12,sh.600234,9.47,9.45,2.0
2021-04-13,sh.600234,9.76,9.77,1.0
2021-04-23,sh.600234,9.76,9.75,1.0
2021-01-08,sh.600265,18.2,18.21,1.0
2021-03-10,sh.600265,16.04,16.01,3.0
2021-04-26,sh.600265,15.45,15.46,1.0
2021-06-01,sh.600265,17.17,17.14,3.0
2021-06-21,sh.600265,16.83,16.81,2.0
2021-06-16,sh.600272,6.97,6.96,1.0
2021-03-08,sh.600275,2.4,2.39,1.0
2021-02-03,sh.600289,3.68,3.66,2.0
2021-10-18,sh.600289,3.44,3.43,1.0
2021-03-26,sh.600301,6.61,6.6,1.0
2021-03-19,sh.600306,5.79,5.78,1.0
2021-08-13,sh.600319,5.36,5.35,1.0
2021-06-16,sh.600370,2.99,3.0,1.0
2021-01-07,sh.600385,4.77,4.78,1.0
2021-01-19,sh.600385,4.67,4.64,3.0
2021-02-02,sh.600385,4.05,4.04,1.0
2021-08-02,sh.600385,5.54,5.53,1.0
2021-06-25,sh.600386,3.56,3.55,1.0
2021-10-25,sh.600462,2.53,2.52,1.0
2021-01-27,sh.600463,5.5,5.48,2.0
2021-05-31,sh.600463,6.32,6.31,1.0
2021-01-15,sh.600539,6.93,6.89,4.0
2021-02-02,sh.600539,6.21,6.18,3.0
2021-10-26,sh.600539,6.44,6.43,1.0
2021-10-28,sh.600551,7.04,7.07,3.0
2021-12-29,sh.600593,12.22,12.21,1.0
2021-01-18,sh.600605,11.69,11.67,2.0
2021-01-27,sh.600605,11.58,11.62,4.0
2021-02-09,sh.600605,11.35,11.36,1.0
2021-11-18,sh.600605,8.34,8.31,3.0
2021-11-05,sh.600608,5.25,5.24,1.0
2021-12-31,sh.600608,5.82,5.81,1.0
2021-10-12,sh.600611,3.4,3.41,1.0
2021-07-21,sh.600615,7.74,7.7,4.0
2021-08-24,sh.600615,6.9,6.89,1.0
2021-10-20,sh.600615,7.52,7.51,1.0
2021-11-29,sh.600615,7.82,7.77,5.0
2021-12-21,sh.600615,8.28,8.26,2.0
2021-08-05,sh.600629,5.45,5.46,1.0
2021-02-25,sh.600647,10.11,10.13,2.0
2021-03-29,sh.600661,14.73,14.7,3.0
2021-04-06,sh.600661,14.9,14.91,1.0
2021-03-05,sh.600671,9.05,9.04,1.0
2021-04-20,sh.600671,8.45,8.43,2.0
2021-04-26,sh.600671,8.73,8.72,1.0
2021-06-01,sh.600671,8.47,8.46,1.0
2021-08-31,sh.600671,9.01,9.0,1.0
2021-06-23,sh.600676,4.26,4.27,1.0
2021-06-22,sh.600683,3.83,3.84,1.0
2021-01-25,sh.600697,13.04,13.05,1.0
2021-01-22,sh.600719,3.36,3.35,1.0
2021-01-08,sh.600749,8.33,8.34,1.0
2021-11-09,sh.600768,8.41,8.42,1.0
2021-01-28,sh.600785,11.78,11.79,1.0
2021-05-06,sh.600796,4.7,4.69,1.0
2021-10-11,sh.600817,15.18,15.17,1.0
2021-02-08,sh.600821,4.12,4.11,1.0
2021-07-15,sh.600829,5.63,5.61,2.0
2021-04-09,sh.600830,4.71,4.7,1.0
2021-03-25,sh.600843,5.55,5.56,1.0
2021-06-15,sh.600854,3.55,3.56,1.0
2021-02-02,sh.600860,4.1,4.09,1.0
2021-05-26,sh.600870,3.18,3.17,1.0
2021-06-30,sh.600897,16.63,16.62,1.0
2021-09-29,sh.600897,15.89,15.9,1.0
2021-04-12,sh.600936,2.91,2.92,1.0
2021-12-07,sh.600936,2.61,2.6,1.0
2021-01-22,sh.601007,7.41,7.42,1.0
2021-01-27,sh.601007,7.36,7.35,1.0
2021-03-29,sh.603006,9.65,9.66,1.0
2021-10-08,sh.603006,8.71,8.7,1.0
2021-10-28,sh.603016,19.16,19.17,1.0
2021-02-09,sh.603031,22.68,22.69,1.0
2021-07-29,sh.603031,25.78,25.71,7.0
2021-06-08,sh.603038,11.86,11.83,3.0
2021-06-22,sh.603038,12.51,12.5,1.0
2021-05-24,sh.603040,26.66,26.68,2.0
2021-06-08,sh.603040,28.15,28.22,7.0
2021-08-18,sh.603040,19.14,19.15,1.0
2021-02-08,sh.603041,12.8,12.79,1.0
2021-03-17,sh.603059,22.41,22.39,2.0
2021-07-12,sh.603081,10.92,10.93,1.0
2021-03-17,sh.603088,7.17,7.16,1.0
2021-01-25,sh.603090,11.95,11.96,1.0
2021-04-21,sh.603096,51.69,51.67,2.0
2021-07-05,sh.603096,32.67,32.69,2.0
2021-06-04,sh.603099,7.85,7.86,1.0
2021-06-21,sh.603115,13.82,13.85,3.0
2021-01-13,sh.603123,6.39,6.38,1.0
2021-01-06,sh.603136,24.48,24.5,2.0
2021-01-04,sh.603139,17.09,17.1,1.0
2021-07-12,sh.603139,17.0,16.99,1.0
2021-08-13,sh.603139,16.66,16.65,1.0
2021-08-25,sh.603139,17.21,17.24,3.0
2021-01-25,sh.603159,10.21,10.2,1.0
2021-12-29,sh.603177,15.26,15.21,5.0
2021-05-06,sh.603192,22.7,22.69,1.0
2021-04-09,sh.603217,25.15,25.17,2.0
2021-08-03,sh.603221,9.55,9.57,2.0
2021-09-24,sh.603221,9.21,9.22,1.0
2021-05-28,sh.603268,17.03,17.04,1.0
2021-12-03,sh.603269,12.89,12.85,4.0
2021-10-25,sh.603311,9.87,9.86,1.0
2021-10-14,sh.603316,5.1,5.09,1.0
2021-07-28,sh.603326,9.72,9.74,2.0
2021-09-16,sh.603326,9.94,9.95,1.0
2021-10-11,sh.603326,10.17,10.15,2.0
2021-02-25,sh.603331,8.75,8.76,1.0
2021-07-15,sh.603331,10.24,10.23,1.0
2021-06-21,sh.603357,8.54,8.53,1.0
2021-06-22,sh.603365,14.56,14.57,1.0
2021-12-14,sh.603365,15.97,15.92,5.0
2021-07-22,sh.603506,13.67,13.66,1.0
2021-11-29,sh.603551,10.21,10.18,3.0
2021-01-12,sh.603555,2.26,2.25,1.0
2021-02-03,sh.603555,2.13,2.12,1.0
2021-01-22,sh.603578,20.85,20.86,1.0
2021-02-05,sh.603578,18.16,18.18,2.0
2021-10-12,sh.603580,10.26,10.23,3.0
2021-07-16,sh.603585,14.95,14.94,1.0
2021-09-27,sh.603586,11.43,11.44,1.0
2021-11-01,sh.603586,10.53,10.51,2.0
2021-11-18,sh.603590,31.37,31.38,1.0
2021-01-25,sh.603667,6.94,6.93,1.0
2021-03-10,sh.603685,9.83,9.84,1.0
2021-11-26,sh.603709,16.03,16.05,2.0
2021-12-08,sh.603709,15.82,15.81,1.0
2021-08-16,sh.603755,51.54,51.38,16.0
2021-06-29,sh.603767,6.65,6.66,1.0
2021-10-11,sh.603767,6.68,6.69,1.0
2021-06-02,sh.603768,15.24,15.25,1.0
2021-06-03,sh.603768,15.33,15.31,2.0
2021-06-07,sh.603768,15.12,15.13,1.0
2021-07-20,sh.603768,15.31,15.32,1.0
2021-07-20,sh.603797,7.01,7.02,1.0
2021-04-08,sh.603813,13.4,13.42,2.0
2021-06-15,sh.603813,13.36,13.39,3.0
2021-06-23,sh.603813,13.62,13.58,4.0
2021-09-01,sh.603813,13.67,13.69,2.0
2021-09-14,sh.603813,13.98,13.97,1.0
2021-09-16,sh.603813,14.1,14.14,4.0
2021-09-17,sh.603813,13.94,13.95,1.0
2021-09-29,sh.603813,13.07,13.08,1.0
2021-11-03,sh.603813,12.88,12.89,1.0
2021-01-26,sh.603817,5.55,5.56,1.0
2021-02-05,sh.603829,9.55,9.56,1.0
2021-05-11,sh.603829,10.27,10.28,1.0
2021-07-26,sh.603829,10.56,10.55,1.0
2021-07-26,sh.603860,19.5,19.52,2.0
2021-05-13,sh.603861,8.1,8.12,2.0
2021-10-18,sh.603863,7.88,7.87,1.0
2021-01-25,sh.603878,7.11,7.12,1.0
2021-03-12,sh.603908,21.52,21.55,3.0
2021-03-30,sh.603917,9.36,9.35,1.0
2021-05-18,sh.603917,9.32,9.33,1.0
2021-05-25,sh.603922,14.64,14.66,2.0
2021-07-07,sh.603922,15.26,15.25,1.0
2021-07-15,sh.603922,14.81,14.79,2.0
2021-01-29,sh.603926,10.67,10.69,2.0
2021-02-01,sh.603926,10.73,10.72,1.0
2021-01-04,sh.603928,11.48,11.49,1.0
2021-06-23,sh.603928,10.61,10.63,2.0
2021-01-28,sh.603955,12.92,12.94,2.0
2021-08-06,sh.603955,12.65,12.63,2.0
2021-03-24,sh.603967,12.68,12.66,2.0
2021-01-13,sh.603991,39.02,39.07,5.0
2021-02-03,sh.603991,38.68,38.57,11.0
2021-02-08,sh.603991,37.93,37.94,1.0
2021-02-26,sh.603991,38.0,37.87,13.0
2021-05-11,sh.603991,54.73,54.77,4.0
2021-07-20,sh.603991,44.04,44.0,4.0
2021-08-27,sh.603991,48.22,48.14,8.0
2021-11-03,sh.603991,42.8,42.84,4.0
2021-12-08,sh.603991,42.09,42.04,5.0
2021-10-12,sh.605116,13.11,13.12,1.0
2021-07-07,sh.605178,37.0,36.99,1.0
2021-10-18,sh.605178,39.39,39.37,2.0
2021-10-12,sh.605255,14.86,14.88,2.0
2021-01-08,sh.688004,43.48,43.45,3.0
2021-02-05,sh.688004,37.96,37.74,22.0
2021-10-12,sh.688004,33.99,33.93,6.0
2021-11-29,sh.688004,33.27,33.24,3.0
2021-10-11,sh.688010,25.96,25.98,2.0
2021-04-07,sh.688013,24.89,24.9,1.0
2021-06-09,sh.688013,29.35,29.37,2.0
2021-10-20,sh.688013,24.78,24.84,6.0
2021-12-06,sh.688013,24.92,25.01,9.0
2021-09-17,sh.688015,33.24,33.26,2.0
2021-03-10,sh.688020,80.0,80.07,7.0
2021-02-05,sh.688021,44.33,44.09,24.0
2021-03-24,sh.688030,33.18,33.15,3.0
2021-11-26,sh.688038,19.64,19.61,3.0
2021-10-11,sh.688051,49.04,49.03,1.0
2021-01-22,sh.688056,29.54,29.56,2.0
2021-04-23,sh.688056,35.71,35.72,1.0
2021-10-14,sh.688056,41.83,41.84,1.0
2021-12-03,sh.688056,67.15,67.05,10.0
2021-09-28,sh.688057,29.1,29.09,1.0
2021-07-22,sh.688058,85.15,85.1,5.0
2021-11-01,sh.688058,76.96,76.97,1.0
2021-05-20,sh.688060,57.2,57.41,21.0
2021-10-15,sh.688060,56.26,56.33,7.0
2021-04-13,sh.688065,80.19,80.03,16.0
2021-09-27,sh.688067,27.84,27.86,2.0
2021-09-28,sh.688067,27.86,27.85,1.0
2021-10-29,sh.688067,24.41,24.28,13.0
2021-12-07,sh.688067,25.9,25.93,3.0
2021-09-27,sh.688069,52.38,52.3,8.0
2021-10-12,sh.688069,49.7,49.57,13.0
2021-11-08,sh.688069,49.8,49.81,1.0
2021-03-10,sh.688078,22.89,22.73,16.0
2021-01-12,sh.688080,49.27,49.26,1.0
2021-04-22,sh.688081,25.61,25.6,1.0
2021-05-20,sh.688081,21.78,21.8,2.0
2021-06-15,sh.688081,24.84,24.85,1.0
2021-07-26,sh.688083,530.51,530.5,1.0
2021-09-27,sh.688089,53.52,53.72,20.0
2021-02-05,sh.688090,32.3,32.18,12.0
2021-03-01,sh.688090,37.09,37.1,1.0
2021-03-05,sh.688090,36.86,36.88,2.0
2021-03-24,sh.688090,34.73,34.64,9.0
2021-03-25,sh.688090,34.23,34.19,4.0
2021-04-22,sh.688090,34.92,34.93,1.0
2021-04-30,sh.688090,29.56,29.55,1.0
2021-07-16,sh.688090,30.78,30.77,1.0
2021-07-19,sh.688090,30.33,30.34,1.0
2021-10-22,sh.688090,30.23,30.19,4.0
2021-10-27,sh.688090,28.6,28.57,3.0
2021-09-29,sh.688093,36.5,36.51,1.0
2021-12-16,sh.688093,37.91,37.9,1.0
2021-02-03,sh.688096,15.34,15.37,3.0
2021-02-05,sh.688096,15.09,15.11,2.0
2021-10-29,sh.688096,13.03,13.05,2.0
2021-11-11,sh.688096,13.68,13.67,1.0
2021-11-12,sh.688096,13.67,13.66,1.0
2021-11-25,sh.688096,14.22,14.21,1.0
2021-12-13,sh.688096,13.81,13.85,4.0
2021-03-30,sh.688100,21.2,21.18,2.0
2021-07-27,sh.688109,71.02,71.03,1.0
2021-10-21,sh.688109,54.5,54.48,2.0
2021-11-12,sh.688109,52.81,52.93,12.0
2021-11-24,sh.688109,56.86,56.8,6.0
2021-11-25,sh.688109,56.5,56.48,2.0
2021-12-21,sh.688109,54.46,54.47,1.0
2021-11-26,sh.688113,67.48,67.44,4.0
2021-12-09,sh.688113,63.88,63.9,2.0
2021-04-27,sh.688118,20.95,20.92,3.0
2021-05-06,sh.688118,19.72,19.73,1.0
2021-12-13,sh.688138,17.09,17.03,6.0
2021-10-27,sh.688156,16.99,16.98,1.0
2021-11-23,sh.688156,18.52,18.47,5.0
2021-12-10,sh.688156,17.79,17.82,3.0
2021-03-15,sh.688157,88.99,90.08,109.0
2021-04-01,sh.688157,87.08,86.88,20.0
2021-04-26,sh.688157,81.93,81.86,7.0
2021-05-19,sh.688157,97.23,97.25,2.0
2021-09-23,sh.688157,91.85,92.1,25.0
2021-09-27,sh.688157,88.26,88.5,24.0
2021-11-11,sh.688157,92.77,92.84,7.0
2021-11-16,sh.688157,99.16,99.47,31.0
2021-11-24,sh.688157,112.07,111.75,32.0
2021-12-10,sh.688157,116.93,116.81,12.0
2021-12-20,sh.688157,115.5,115.52,2.0
2021-02-05,sh.688159,21.91,21.93,2.0
2021-09-15,sh.688159,23.93,23.94,1.0
2021-10-12,sh.688160,32.93,32.88,5.0
2021-11-05,sh.688160,34.25,34.24,1.0
2021-01-11,sh.688178,27.9,27.91,1.0
2021-01-26,sh.688178,28.28,28.27,1.0
2021-04-21,sh.688178,28.71,28.69,2.0
2021-05-07,sh.688178,25.88,25.85,3.0
2021-05-10,sh.688178,26.15,26.16,1.0
2021-05-13,sh.688178,26.31,26.32,1.0
2021-06-24,sh.688178,26.38,26.36,2.0
2021-08-17,sh.688178,25.79,25.75,4.0
2021-09-09,sh.688178,27.35,27.43,8.0
2021-10-18,sh.688178,24.8,24.78,2.0
2021-10-21,sh.688178,24.79,24.72,7.0
2021-10-28,sh.688178,22.37,22.36,1.0
2021-11-01,sh.688178,22.97,22.99,2.0
2021-11-24,sh.688178,24.33,24.38,5.0
2021-12-03,sh.688178,24.16,24.14,2.0
2021-12-24,sh.688178,23.46,23.47,1.0
2021-10-26,sh.688189,27.69,27.7,1.0
2021-09-28,sh.688191,19.25,19.29,4.0
2021-04-12,sh.688196,51.16,51.18,2.0
2021-11-15,sh.688196,59.39,59.03,36.0
2021-01-06,sh.688198,77.13,77.12,1.0
2021-01-08,sh.688198,74.63,74.17,46.0
2021-04-29,sh.688198,162.9,162.89,1.0
2021-10-25,sh.688198,233.81,233.18,63.0
2021-11-08,sh.688198,224.96,224.78,18.0
2021-11-18,sh.688198,257.95,257.93,2.0
2021-11-24,sh.688198,267.93,267.48,45.0
2021-12-20,sh.688198,268.0,268.09,9.0
2021-04-13,sh.688208,73.15,73.33,18.0
2021-07-29,sh.688215,40.3,40.38,8.0
2021-08-19,sh.688215,42.61,42.62,1.0
2021-09-07,sh.688215,40.73,40.7,3.0
2021-10-08,sh.688215,36.79,36.8,1.0
2021-10-19,sh.688215,36.3,36.33,3.0
2021-11-01,sh.688215,32.6,32.61,1.0
2021-11-29,sh.688215,34.8,34.88,8.0
2021-03-30,sh.688218,14.84,14.82,2.0
2021-10-21,sh.688218,14.3,14.31,1.0
2021-03-31,sh.688221,16.18,16.15,3.0
2021-04-09,sh.688228,36.65,36.69,4.0
2021-11-05,sh.688228,33.13,33.11,2.0
2021-12-17,sh.688228,34.95,34.92,3.0
2021-02-08,sh.688229,101.09,100.88,21.0
2021-03-04,sh.688229,109.9,109.82,8.0
2021-05-24,sh.688229,73.04,72.87,17.0
2021-10-28,sh.688229,49.14,49.13,1.0
2021-12-28,sh.688229,55.59,55.66,7.0
2021-12-31,sh.688229,55.13,55.1,3.0
2021-08-30,sh.688278,29.03,29.02,1.0
2021-12-13,sh.688296,45.85,45.83,2.0
2021-05-26,sh.688299,25.3,25.31,1.0
2021-12-24,sh.688308,69.8,69.76,4.0
2021-02-01,sh.688309,27.86,27.88,2.0
2021-02-18,sh.688309,27.78,27.8,2.0
2021-05-06,sh.688309,27.12,27.07,5.0
2021-07-23,sh.688309,25.15,25.12,3.0
2021-07-26,sh.688309,25.07,25.08,1.0
2021-11-03,sh.688309,20.39,20.32,7.0
2021-11-04,sh.688309,20.36,20.33,3.0
2021-11-05,sh.688309,20.36,20.3,6.0
2021-01-21,sh.688310,28.58,28.57,1.0
2021-03-24,sh.688310,26.4,26.37,3.0
2021-03-25,sh.688310,26.21,26.22,1.0
2021-04-12,sh.688310,26.61,26.63,2.0
2021-04-13,sh.688310,26.49,26.39,10.0
2021-04-14,sh.688310,26.39,26.4,1.0
2021-02-01,sh.688312,22.68,22.72,4.0
2021-03-31,sh.688312,22.38,22.32,6.0
2021-04-28,sh.688312,24.27,24.23,4.0
2021-05-17,sh.688316,56.53,56.54,1.0
2021-11-01,sh.688319,29.7,29.72,2.0
2021-04-02,sh.688330,80.14,80.22,8.0
2021-05-17,sh.688330,73.1,73.13,3.0
2021-01-20,sh.688335,34.89,34.88,1.0
2021-02-01,sh.688335,33.24,33.25,1.0
2021-02-02,sh.688335,33.5,33.39,11.0
2021-02-03,sh.688335,32.93,32.9,3.0
2021-04-15,sh.688335,32.46,32.45,1.0
2021-05-06,sh.688335,32.57,32.61,4.0
2021-07-15,sh.688335,33.14,33.15,1.0
2021-09-27,sh.688335,32.39,32.31,8.0
2021-09-30,sh.688335,32.94,32.96,2.0
2021-10-20,sh.688335,33.04,33.02,2.0
2021-10-25,sh.688335,32.36,32.35,1.0
2021-10-26,sh.688335,31.87,31.88,1.0
2021-11-11,sh.688335,31.88,31.81,7.0
2021-11-23,sh.688335,31.82,31.95,13.0
2021-11-24,sh.688335,32.17,32.06,11.0
2021-11-30,sh.688335,32.72,32.76,4.0
2021-10-13,sh.688336,18.98,18.97,1.0
2021-10-19,sh.688338,44.67,44.64,3.0
2021-03-05,sh.688357,62.27,62.28,1.0
2021-12-09,sh.688357,217.21,217.22,1.0
2021-01-21,sh.688358,46.75,46.76,1.0
2021-02-09,sh.688358,45.69,45.67,2.0
2021-03-24,sh.688358,47.8,47.79,1.0
2021-04-21,sh.688358,50.51,50.42,9.0
2021-05-20,sh.688358,48.9,48.7,20.0
2021-08-31,sh.688358,45.95,45.96,1.0
2021-09-23,sh.688358,44.81,44.82,1.0
2021-11-09,sh.688358,42.77,42.7,7.0
2021-02-05,sh.688360,26.17,26.27,10.0
2021-04-22,sh.688360,27.92,27.93,1.0
2021-05-17,sh.688360,26.06,26.04,2.0
2021-06-16,sh.688360,26.5,26.51,1.0
2021-06-23,sh.688360,26.59,26.58,1.0
2021-01-19,sh.688368,194.0,194.18,18.0
2021-01-26,sh.688368,187.53,185.74,179.0
2021-02-10,sh.688368,165.07,167.28,221.0
2021-02-24,sh.688369,60.19,60.14,5.0
2021-05-17,sh.688369,57.89,57.63,26.0
2021-06-04,sh.688369,61.0,60.93,7.0
2021-07-05,sh.688369,63.6,63.62,2.0
2021-10-26,sh.688369,59.57,59.54,3.0
2021-04-23,sh.688377,15.58,15.59,1.0
2021-03-17,sh.688379,21.72,21.7,2.0
2021-04-12,sh.688379,21.34,21.3,4.0
2021-10-11,sh.688379,21.96,21.91,5.0
2021-10-21,sh.688386,61.81,61.82,1.0
2021-11-16,sh.688386,56.23,56.24,1.0
2021-11-18,sh.688386,59.52,59.53,1.0
2021-11-22,sh.688386,59.52,59.6,8.0
2021-02-02,sh.688393,35.93,35.95,2.0
2021-03-26,sh.688393,34.36,34.35,1.0
2021-02-04,sh.688398,39.57,39.35,22.0
2021-10-08,sh.688398,41.2,41.44,24.0
2021-02-02,sh.688466,22.06,21.99,7.0
2021-05-13,sh.688466,20.91,20.95,4.0
2021-03-02,sh.688488,20.81,20.83,2.0
2021-10-25,sh.688488,15.5,15.51,1.0
2021-04-23,sh.688500,37.5,37.55,5.0
2021-05-10,sh.688500,34.6,34.67,7.0
2021-05-17,sh.688500,34.8,34.79,1.0
2021-05-25,sh.688500,33.81,33.78,3.0
2021-07-06,sh.688500,35.06,35.14,8.0
2021-10-20,sh.688500,33.11,33.08,3.0
2021-11-03,sh.688501,14.98,14.96,2.0
2021-12-08,sh.688501,16.59,16.56,3.0
2021-03-31,sh.688513,44.21,44.28,7.0
2021-05-11,sh.688513,42.72,42.71,1.0
2021-04-29,sh.688520,40.77,40.6,17.0
2021-07-22,sh.688528,13.55,13.54,1.0
2021-11-10,sh.688528,12.34,12.35,1.0
2021-12-14,sh.688528,12.92,12.93,1.0
2021-02-25,sh.688550,83.0,82.99,1.0
2021-05-13,sh.688555,28.4,28.37,3.0
2021-05-21,sh.688555,27.93,27.95,2.0
2021-03-16,sh.688557,35.92,35.97,5.0
2021-05-06,sh.688557,32.1,32.15,5.0
2021-02-04,sh.688558,28.29,28.28,1.0
2021-10-11,sh.688566,22.49,22.5,1.0
2021-04-21,sh.688569,18.47,18.48,1.0
2021-05-21,sh.688569,17.31,17.29,2.0
2021-02-02,sh.688577,40.7,40.6,10.0
2021-03-10,sh.688577,41.99,41.73,26.0
2021-03-26,sh.688577,40.73,40.74,1.0
2021-03-31,sh.688577,40.04,40.05,1.0
2021-04-01,sh.688577,40.23,40.21,2.0
2021-08-18,sh.688577,53.23,53.15,8.0
2021-10-11,sh.688579,12.08,12.05,3.0
2021-12-15,sh.688580,97.29,97.12,17.0
2021-12-27,sh.688580,98.18,97.83,35.0
2021-01-25,sh.688588,21.34,21.33,1.0
2021-01-26,sh.688600,15.71,15.65,6.0
2021-04-12,sh.688600,15.51,15.54,3.0
2021-05-19,sh.688600,15.91,15.93,2.0
2021-11-16,sh.688616,13.18,13.13,5.0
2021-03-23,sh.688617,200.8,200.77,3.0
2021-03-30,sh.688618,44.2,44.13,7.0
2021-05-17,sh.688618,36.51,36.55,4.0
2021-05-19,sh.688618,36.61,36.63,2.0
2021-09-16,sh.688618,39.12,39.14,2.0
2021-12-09,sh.688618,43.1,43.21,11.0
2021-11-04,sh.688622,65.77,65.79,2.0
2021-06-10,sh.688669,33.47,33.46,1.0
2021-10-27,sh.688677,92.79,92.77,2.0
2021-11-03,sh.688677,88.65,88.87,22.0
2021-11-10,sh.688677,86.26,86.17,9.0
2021-11-18,sh.688677,97.66,97.64,2.0
2021-12-06,sh.688677,89.71,89.8,9.0
2021-05-24,sh.688679,12.91,12.93,2.0
2021-12-20,sh.688683,23.41,23.43,2.0
2021-12-21,sh.688768,99.89,99.87,2.0
2021-09-01,sh.688789,258.5,257.99,51.0
2021-10-12,sh.688789,227.86,227.76,10.0
2021-11-09,sh.688789,271.31,271.86,55.0
2021-12-23,sh.688789,281.7,281.69,1.0
2021-10-12,sh.688798,225.74,225.31,43.0
2022-02-15,sh.600265,19.39,19.4,1.0
2022-02-22,sh.600265,19.24,19.17,7.0
2022-03-31,sh.600265,16.56,16.54,2.0
2022-07-13,sh.600265,13.18,13.17,1.0
2022-06-01,sh.600275,0.41,0.4,1.0
2022-05-24,sh.600289,3.11,3.08,3.0
2022-11-02,sh.600289,2.77,2.78,1.0
2022-01-27,sh.600306,16.04,16.01,3.0
2022-02-22,sh.600306,16.09,16.04,5.0
2022-04-15,sh.600306,13.19,13.17,2.0
2022-04-18,sh.600306,12.96,12.88,8.0
2022-06-13,sh.600306,13.95,13.91,4.0
2022-07-12,sh.600306,12.02,11.97,5.0
2022-07-19,sh.600306,12.66,12.65,1.0
2022-01-18,sh.600319,5.56,5.55,1.0
2022-03-07,sh.600385,6.9,6.87,3.0
2022-09-23,sh.600461,7.41,7.4,1.0
2022-03-01,sh.600593,11.37,11.33,4.0
2022-05-10,sh.600599,9.12,9.09,3.0
2022-07-07,sh.600599,9.27,9.25,2.0
2022-09-01,sh.600605,8.95,8.92,3.0
2022-01-18,sh.600608,5.87,5.86,1.0
2022-02-25,sh.600608,5.03,5.02,1.0
2022-03-02,sh.600608,5.12,5.13,1.0
2022-04-14,sh.600615,9.19,9.09,10.0
2022-05-17,sh.600671,7.72,7.71,1.0
2022-11-14,sh.600671,7.86,7.83,3.0
2022-12-15,sh.600719,4.84,4.82,2.0
2022-02-11,sh.600785,12.17,12.16,1.0
2022-08-15,sh.600865,9.46,9.48,2.0
2022-02-14,sh.601177,8.18,8.17,1.0
2022-09-23,sh.601566,7.39,7.37,2.0
2022-08-10,sh.601999,5.67,5.66,1.0
2022-01-28,sh.603269,12.37,12.36,1.0
2022-10-10,sh.603278,7.32,7.33,1.0
2022-02-14,sh.603321,6.99,7.01,2.0
2022-06-10,sh.603380,36.09,36.02,7.0
2022-12-20,sh.603380,26.45,26.49,4.0
2022-09-19,sh.603488,6.5,6.52,2.0
2022-05-06,sh.603677,9.82,9.83,1.0
2022-02-15,sh.603709,16.27,16.3,3.0
2022-02-16,sh.603729,12.77,12.78,1.0
2022-04-28,sh.603758,6.82,6.81,1.0
2022-01-28,sh.603768,15.89,15.9,1.0
2022-02-10,sh.603768,15.96,15.95,1.0
2022-04-27,sh.603768,14.85,14.81,4.0
2022-05-20,sh.603790,9.34,9.37,3.0
2022-07-12,sh.603797,5.77,5.78,1.0
2022-09-09,sh.603855,22.01,22.03,2.0
2022-02-11,sh.603879,6.81,6.82,1.0
2022-06-10,sh.603903,9.71,9.7,1.0
2022-03-25,sh.603926,13.7,13.71,1.0
2022-02-16,sh.603991,42.9,42.93,3.0
2022-03-24,sh.603991,43.03,43.05,2.0
2022-05-13,sh.603991,41.8,41.64,16.0
2022-05-17,sh.603991,41.75,41.69,6.0
2022-06-27,sh.603991,44.1,44.05,5.0
2022-07-11,sh.603991,40.8,40.63,17.0
2022-07-12,sh.603991,40.42,40.39,3.0
2022-01-26,sh.605080,67.56,67.9,34.0
2022-10-20,sh.605086,18.33,18.36,3.0
2022-06-27,sh.605188,7.07,7.08,1.0
2022-07-14,sh.605266,44.09,44.26,17.0
2022-06-16,sh.605298,16.96,16.97,1.0
2022-12-23,sh.605298,12.85,12.87,2.0
2022-07-01,sh.605369,124.05,124.09,4.0
2022-05-05,sh.688004,22.4,22.44,4.0
2022-05-12,sh.688004,23.2,23.16,4.0
2022-08-01,sh.688004,25.28,25.29,1.0
2022-08-09,sh.688004,26.2,26.22,2.0
2022-09-16,sh.688004,21.53,21.54,1.0
2022-09-26,sh.688004,20.14,20.21,7.0
2022-12-14,sh.688004,22.66,22.56,10.0
2022-03-02,sh.688010,26.0,25.95,5.0
2022-03-07,sh.688010,25.15,25.1,5.0
2022-04-06,sh.688010,23.93,23.98,5.0
2022-04-20,sh.688010,21.68,21.72,4.0
2022-05-26,sh.688010,21.75,21.78,3.0
2022-07-06,sh.688010,24.22,24.17,5.0
2022-07-21,sh.688010,24.35,24.33,2.0
2022-09-14,sh.688010,21.75,21.72,3.0
2022-03-23,sh.688011,26.03,26.02,1.0
2022-05-06,sh.688011,19.55,19.57,2.0
2022-05-11,sh.688011,20.19,20.2,1.0
2022-02-16,sh.688013,23.15,23.14,1.0
2022-04-21,sh.688013,21.44,21.26,18.0
2022-05-11,sh.688013,19.21,19.29,8.0
2022-07-13,sh.688013,20.4,20.41,1.0
2022-07-14,sh.688013,20.7,20.74,4.0
2022-07-15,sh.688013,20.37,20.29,8.0
2022-07-27,sh.688013,20.81,20.76,5.0
2022-10-10,sh.688013,19.01,18.96,5.0
2022-12-06,sh.688013,21.69,21.76,7.0
2022-03-22,sh.688015,27.05,27.02,3.0
2022-09-23,sh.688015,19.16,19.11,5.0
2022-03-18,sh.688020,57.12,57.3,18.0
2022-03-24,sh.688020,54.71,54.65,6.0
2022-03-28,sh.688020,52.3,52.25,5.0
2022-01-13,sh.688021,51.12,51.1,2.0
2022-01-28,sh.688021,53.29,53.16,13.0
2022-03-04,sh.688021,44.14,44.05,9.0
2022-03-08,sh.688021,39.65,39.68,3.0
2022-08-30,sh.688021,25.76,25.77,1.0
2022-10-14,sh.688021,21.7,21.73,3.0
2022-04-27,sh.688028,26.0,26.02,2.0
2022-12-14,sh.688028,32.78,32.9,12.0
2022-07-13,sh.688030,19.26,19.2,6.0
2022-09-26,sh.688030,18.46,18.45,1.0
2022-04-07,sh.688038,15.45,15.42,3.0
2022-04-22,sh.688038,13.92,13.94,2.0
2022-07-18,sh.688038,12.88,12.87,1.0
2022-08-02,sh.688038,12.97,12.93,4.0
2022-12-22,sh.688045,57.1,56.92,18.0
2022-09-22,sh.688046,26.3,26.24,6.0
2022-04-26,sh.688051,26.69,26.61,8.0
2022-07-22,sh.688051,26.64,26.65,1.0
2022-09-21,sh.688051,23.15,23.24,9.0
2022-09-28,sh.688051,22.94,22.8,14.0
2022-12-21,sh.688053,59.54,59.57,3.0
2022-12-22,sh.688053,59.32,59.33,1.0
2022-02-28,sh.688056,48.9,49.07,17.0
2022-04-11,sh.688056,36.26,36.25,1.0
2022-05-18,sh.688056,31.82,32.08,26.0
2022-09-15,sh.688056,35.24,35.23,1.0
2022-12-29,sh.688058,39.85,39.88,3.0
2022-01-24,sh.688059,144.85,144.41,44.0
2022-02-09,sh.688059,132.33,132.48,15.0
2022-03-04,sh.688059,142.96,142.49,47.0
2022-03-07,sh.688059,140.68,140.7,2.0
2022-04-11,sh.688059,112.45,112.33,12.0
2022-04-14,sh.688059,112.81,112.74,7.0
2022-05-05,sh.688059,101.8,102.09,29.0
2022-05-06,sh.688059,101.3,101.28,2.0
2022-08-15,sh.688059,126.1,126.77,67.0
2022-08-29,sh.688059,111.23,111.24,1.0
2022-09-08,sh.688059,113.38,113.37,1.0
2022-09-23,sh.688059,109.43,109.26,17.0
2022-09-29,sh.688059,104.72,105.04,32.0
2022-10-10,sh.688059,98.14,98.15,1.0
2022-12-14,sh.688059,144.65,143.98,67.0
2022-03-28,sh.688060,51.38,51.19,19.0
2022-04-19,sh.688060,46.09,46.27,18.0
2022-07-07,sh.688060,44.13,44.09,4.0
2022-07-11,sh.688060,43.05,42.92,13.0
2022-07-13,sh.688060,42.26,42.28,2.0
2022-12-28,sh.688061,92.56,92.7,14.0
2022-12-20,sh.688062,15.11,15.1,1.0
2022-02-24,sh.688067,28.68,28.76,8.0
2022-03-22,sh.688067,26.13,26.12,1.0
2022-03-24,sh.688067,25.23,25.32,9.0
2022-04-01,sh.688067,25.37,25.34,3.0
2022-04-20,sh.688067,23.53,23.55,2.0
2022-04-26,sh.688067,19.1,19.11,1.0
2022-07-19,sh.688067,20.47,20.49,2.0
2022-08-26,sh.688067,20.57,20.7,13.0
2022-08-31,sh.688067,20.8,20.67,13.0
2022-09-07,sh.688067,20.92,20.93,1.0
2022-09-08,sh.688067,20.62,20.64,2.0
2022-09-14,sh.688067,20.97,20.98,1.0
2022-01-14,sh.688069,50.99,50.82,17.0
2022-02-10,sh.688069,47.5,47.48,2.0
2022-02-15,sh.688069,46.05,46.06,1.0
2022-02-22,sh.688069,47.4,47.41,1.0
2022-02-28,sh.688069,47.11,47.13,2.0
2022-03-11,sh.688069,43.69,43.63,6.0
2022-05-10,sh.688069,36.32,36.3,2.0
2022-05-19,sh.688069,38.15,38.13,2.0
2022-06-09,sh.688069,39.32,39.31,1.0
2022-07-11,sh.688069,31.79,31.58,21.0
2022-07-12,sh.688069,31.87,31.88,1.0
2022-08-04,sh.688069,32.79,32.82,3.0
2022-08-16,sh.688069,32.59,32.57,2.0
2022-09-16,sh.688069,31.79,31.78,1.0
2022-11-07,sh.688069,28.75,28.58,17.0
2022-11-09,sh.688069,28.45,28.43,2.0
2022-11-25,sh.688069,28.6,28.56,4.0
2022-12-14,sh.688069,27.49,27.43,6.0
2022-12-22,sh.688069,25.4,25.48,8.0
2022-02-07,sh.688070,28.02,28.03,1.0
2022-04-15,sh.688070,23.51,23.69,18.0
2022-04-26,sh.688070,19.15,18.86,29.0
2022-03-03,sh.688071,49.15,49.35,20.0
2022-04-07,sh.688071,37.29,37.28,1.0
2022-04-11,sh.688071,34.46,34.58,12.0
2022-05-11,sh.688071,29.7,29.57,13.0
2022-01-05,sh.688078,56.5,56.49,1.0
2022-06-15,sh.688080,40.5,40.54,4.0
2022-09-29,sh.688080,37.35,37.13,22.0
2022-03-08,sh.688081,21.9,21.89,1.0
2022-03-21,sh.688081,21.2,21.23,3.0
2022-06-16,sh.688081,19.73,19.79,6.0
2022-09-28,sh.688081,16.85,16.99,14.0
2022-01-11,sh.688083,346.0,345.89,11.0
2022-10-10,sh.688086,6.58,6.59,1.0
2022-02-07,sh.688087,83.38,83.17,21.0
2022-05-05,sh.688087,59.1,59.26,16.0
2022-07-06,sh.688087,56.35,56.39,4.0
2022-07-27,sh.688087,57.53,57.37,16.0
2022-04-07,sh.688089,34.73,34.77,4.0
2022-01-28,sh.688090,29.98,29.96,2.0
2022-02-07,sh.688090,30.64,30.78,14.0
2022-02-25,sh.688090,29.83,29.7,13.0
2022-03-07,sh.688090,28.88,28.89,1.0
2022-03-23,sh.688090,28.2,28.03,17.0
2022-04-07,sh.688090,27.91,27.81,10.0
2022-04-28,sh.688090,23.73,23.67,6.0
2022-05-18,sh.688090,26.57,26.61,4.0
2022-01-11,sh.688091,45.41,45.4,1.0
2022-04-21,sh.688092,26.0,25.91,9.0
2022-03-16,sh.688093,29.53,29.48,5.0
2022-03-28,sh.688093,28.62,28.68,6.0
2022-04-21,sh.688093,24.18,24.19,1.0
2022-08-25,sh.688093,20.37,20.36,1.0
2022-02-07,sh.688096,13.86,13.87,1.0
2022-03-29,sh.688096,13.87,13.89,2.0
2022-10-26,sh.688096,12.5,12.49,1.0
2022-12-06,sh.688096,13.32,13.34,2.0
2022-12-23,sh.688096,12.25,12.21,4.0
2022-12-27,sh.688096,12.36,12.35,1.0
2022-09-20,sh.688097,26.43,26.33,10.0
2022-12-26,sh.688097,27.52,27.61,9.0
2022-03-24,sh.688098,9.04,9.01,3.0
2022-12-21,sh.688101,13.03,13.04,1.0
2022-12-27,sh.688101,13.06,13.05,1.0
2022-01-24,sh.688103,57.53,57.81,28.0
2022-01-26,sh.688103,56.48,56.49,1.0
2022-01-05,sh.688109,50.65,50.48,17.0
2022-03-09,sh.688109,43.7,43.28,42.0
2022-03-25,sh.688109,41.42,41.47,5.0
2022-05-05,sh.688109,28.86,28.85,1.0
2022-07-06,sh.688109,30.06,30.05,1.0
2022-07-14,sh.688109,28.95,29.0,5.0
2022-08-02,sh.688109,30.21,30.19,2.0
2022-10-21,sh.688109,30.7,30.69,1.0
2022-12-21,sh.688109,27.85,27.84,1.0
2022-04-26,sh.688112,43.79,43.78,1.0
2022-01-20,sh.688113,60.78,60.59,19.0
2022-01-25,sh.688113,58.0,57.95,5.0
2022-01-26,sh.688113,58.69,58.66,3.0
2022-01-28,sh.688113,57.44,57.45,1.0
2022-02-16,sh.688113,55.21,55.2,1.0
2022-03-02,sh.688113,54.1,53.89,21.0
2022-03-04,sh.688113,52.86,52.85,1.0
2022-03-11,sh.688113,45.55,45.54,1.0
2022-03-24,sh.688113,46.05,46.1,5.0
2022-04-08,sh.688113,45.17,45.2,3.0
2022-04-20,sh.688113,41.28,41.0,28.0
2022-06-15,sh.688113,46.39,46.48,9.0
2022-06-22,sh.688113,45.08,45.04,4.0
2022-08-26,sh.688113,51.0,51.02,2.0
2022-09-05,sh.688113,52.19,52.18,1.0
2022-09-15,sh.688113,47.18,47.01,17.0
2022-10-11,sh.688113,42.96,42.94,2.0
2022-10-19,sh.688113,48.15,47.97,18.0
2022-10-20,sh.688113,49.05,49.01,4.0
2022-12-06,sh.688113,46.18,46.19,1.0
2022-12-08,sh.688113,44.8,44.78,2.0
2022-12-21,sh.688113,41.54,41.55,1.0
2022-02-24,sh.688117,32.47,32.43,4.0
2022-06-28,sh.688117,29.29,29.28,1.0
2022-07-14,sh.688117,29.03,29.02,1.0
2022-07-18,sh.688117,28.84,28.82,2.0
2022-09-15,sh.688117,25.78,25.76,2.0
2022-10-13,sh.688117,22.6,22.59,1.0
2022-05-12,sh.688118,16.18,16.17,1.0
2022-03-14,sh.688129,16.44,16.41,3.0
2022-05-09,sh.688129,13.11,13.09,2.0
2022-05-30,sh.688129,13.69,13.64,5.0
2022-09-21,sh.688129,13.08,13.1,2.0
2022-10-14,sh.688129,13.32,13.3,2.0
2022-11-17,sh.688129,13.79,13.78,1.0
2022-12-05,sh.688129,14.26,14.27,1.0
2022-12-23,sh.688129,13.05,13.03,2.0
2022-03-25,sh.688133,142.34,142.88,54.0
2022-07-15,sh.688133,159.87,160.01,14.0
2022-09-09,sh.688133,146.16,146.55,39.0
2022-05-16,sh.688155,80.27,80.28,1.0
2022-06-16,sh.688155,91.9,92.0,10.0
2022-01-05,sh.688156,19.66,19.69,3.0
2022-07-08,sh.688156,21.49,21.46,3.0
2022-01-06,sh.688157,112.94,112.32,62.0
2022-02-07,sh.688157,93.9,94.07,17.0
2022-04-12,sh.688157,90.66,90.5,16.0
2022-04-20,sh.688157,93.12,93.56,44.0
2022-04-22,sh.688157,89.97,89.3,67.0
2022-05-18,sh.688157,78.68,79.36,68.0
2022-08-30,sh.688157,101.27,100.85,42.0
2022-10-12,sh.688157,92.23,92.35,12.0
2022-11-14,sh.688157,97.19,97.22,3.0
2022-12-26,sh.688157,90.04,90.03,1.0
2022-12-27,sh.688157,90.65,90.53,12.0
2022-03-03,sh.688160,32.72,32.73,1.0
2022-03-07,sh.688160,31.33,31.32,1.0
2022-03-31,sh.688160,26.91,26.98,7.0
2022-04-06,sh.688160,26.91,26.92,1.0
2022-04-08,sh.688160,26.64,26.51,13.0
2022-04-25,sh.688160,21.05,21.06,1.0
2022-06-29,sh.688160,27.87,27.97,10.0
2022-07-15,sh.688160,26.32,26.31,1.0
2022-12-20,sh.688160,30.44,30.42,2.0
2022-04-28,sh.688165,6.78,6.76,2.0
2022-05-11,sh.688165,7.57,7.55,2.0
2022-12-06,sh.688165,8.57,8.59,2.0
2022-06-16,sh.688168,33.48,33.43,5.0
2022-11-28,sh.688171,21.52,21.53,1.0
2022-12-20,sh.688171,19.8,19.76,4.0
2022-07-13,sh.688175,30.66,30.7,4.0
2022-09-07,sh.688175,32.12,32.16,4.0
2022-10-11,sh.688175,28.7,28.73,3.0
2022-09-23,sh.688177,18.23,18.3,7.0
2022-01-20,sh.688178,24.48,24.43,5.0
2022-02-11,sh.688178,24.03,24.04,1.0
2022-02-21,sh.688178,24.51,24.5,1.0
2022-02-24,sh.688178,24.29,24.35,6.0
2022-04-20,sh.688178,20.23,20.22,1.0
2022-04-21,sh.688178,19.36,19.44,8.0
2022-04-22,sh.688178,19.27,19.26,1.0
2022-05-23,sh.688178,18.42,18.43,1.0
2022-05-24,sh.688178,17.63,17.64,1.0
2022-07-07,sh.688178,18.01,18.02,1.0
2022-08-24,sh.688178,19.34,19.41,7.0
2022-09-23,sh.688178,18.2,18.17,3.0
2022-09-28,sh.688178,17.77,17.79,2.0
2022-10-12,sh.688178,17.39,17.4,1.0
2022-11-24,sh.688178,18.9,18.84,6.0
2022-12-28,sh.688178,17.28,17.35,7.0
2022-08-16,sh.688190,96.12,96.07,5.0
2022-12-22,sh.688190,80.35,80.26,9.0
2022-12-23,sh.688191,12.68,12.69,1.0
2022-12-29,sh.688191,12.68,12.65,3.0
2022-06-13,sh.688193,54.81,54.91,10.0
2022-08-16,sh.688193,57.38,57.33,5.0
2022-09-06,sh.688193,52.18,52.0,18.0
2022-09-23,sh.688193,48.7,48.69,1.0
2022-09-28,sh.688193,47.85,47.84,1.0
2022-12-01,sh.688193,49.87,49.75,12.0
2022-12-29,sh.688193,46.73,46.74,1.0
2022-08-08,sh.688197,24.26,24.17,9.0
2022-09-21,sh.688197,22.08,22.01,7.0
2022-10-10,sh.688197,19.78,19.77,1.0
2022-10-17,sh.688197,21.73,21.67,6.0
2022-01-24,sh.688198,191.18,190.63,55.0
2022-03-30,sh.688198,160.15,160.06,9.0
2022-04-19,sh.688198,141.0,140.69,31.0
2022-05-05,sh.688198,151.3,150.67,63.0
2022-05-26,sh.688198,121.49,121.59,10.0
2022-05-30,sh.688198,117.64,117.65,1.0
2022-06-14,sh.688198,122.35,122.09,26.0
2022-06-16,sh.688198,121.51,121.54,3.0
2022-06-29,sh.688198,119.58,119.69,11.0
2022-06-30,sh.688198,121.91,121.92,1.0
2022-07-01,sh.688198,119.8,119.65,15.0
2022-07-11,sh.688198,130.0,130.58,58.0
2022-07-27,sh.688198,124.48,124.41,7.0
2022-09-01,sh.688198,121.86,121.71,15.0
2022-09-07,sh.688198,123.16,123.74,58.0
2022-09-14,sh.688198,122.69,122.47,22.0
2022-09-29,sh.688198,113.0,112.93,7.0
2022-12-21,sh.688198,124.94,124.43,51.0
2022-02-22,sh.688210,35.53,35.54,1.0
2022-03-25,sh.688210,29.47,29.45,2.0
2022-03-28,sh.688210,29.42,29.25,17.0
2022-04-01,sh.688210,29.05,29.04,1.0
2022-04-11,sh.688210,27.48,27.41,7.0
2022-05-20,sh.688210,27.4,27.39,1.0
2022-06-30,sh.688210,21.7,21.67,3.0
2022-07-13,sh.688210,21.18,21.13,5.0
2022-12-20,sh.688210,23.5,23.41,9.0
2022-12-29,sh.688210,21.99,21.97,2.0
2022-09-16,sh.688211,38.55,38.59,4.0
2022-10-21,sh.688211,38.98,38.93,5.0
2022-12-16,sh.688211,42.34,42.35,1.0
2022-02-07,sh.688215,33.82,33.93,11.0
2022-02-10,sh.688215,34.23,34.22,1.0
2022-03-09,sh.688215,34.02,34.01,1.0
2022-04-19,sh.688215,31.94,31.78,16.0
2022-05-19,sh.688215,28.59,28.58,1.0
2022-07-22,sh.688215,32.19,32.04,15.0
2022-09-07,sh.688215,31.52,31.49,3.0
2022-09-26,sh.688215,28.85,28.83,2.0
2022-09-30,sh.688215,28.27,28.26,1.0
2022-12-28,sh.688217,35.76,35.71,5.0
2022-03-31,sh.688219,9.5,9.51,1.0
2022-04-11,sh.688219,8.97,8.98,1.0
2022-04-13,sh.688219,9.08,9.09,1.0
2022-04-14,sh.688219,9.02,9.03,1.0
2022-05-16,sh.688219,8.95,8.96,1.0
2022-12-21,sh.688220,64.3,64.49,19.0
2022-12-27,sh.688225,16.98,16.99,1.0
2022-05-26,sh.688226,11.3,11.29,1.0
2022-06-14,sh.688228,32.26,32.31,5.0
2022-09-09,sh.688228,31.13,31.12,1.0
2022-12-21,sh.688228,31.76,31.65,11.0
2022-12-26,sh.688228,32.17,32.18,1.0
2022-03-22,sh.688229,50.38,50.52,14.0
2022-04-29,sh.688229,36.32,36.34,2.0
2022-05-05,sh.688229,37.28,37.26,2.0
2022-05-25,sh.688229,39.94,39.95,1.0
2022-05-30,sh.688229,40.26,40.31,5.0
2022-06-15,sh.688229,43.62,43.63,1.0
2022-08-04,sh.688229,37.43,37.39,4.0
2022-08-31,sh.688229,36.01,35.92,9.0
2022-09-08,sh.688229,37.27,36.79,48.0
2022-09-20,sh.688229,35.41,35.42,1.0
2022-10-10,sh.688229,32.41,32.31,10.0
2022-10-24,sh.688229,35.08,35.11,3.0
2022-11-24,sh.688229,37.94,37.95,1.0
2022-12-23,sh.688230,55.75,55.54,21.0
2022-12-27,sh.688230,56.33,56.43,10.0
2022-02-22,sh.688236,23.1,23.04,6.0
2022-06-09,sh.688246,22.68,22.67,1.0
2022-09-05,sh.688246,22.13,22.14,1.0
2022-12-07,sh.688251,35.01,34.87,14.0
2022-12-21,sh.688251,30.7,30.67,3.0
2022-12-22,sh.688251,30.03,30.04,1.0
2022-01-18,sh.688255,39.91,39.92,1.0
2022-05-24,sh.688255,25.4,25.42,2.0
2022-09-13,sh.688257,35.04,34.97,7.0
2022-10-13,sh.688257,31.9,31.97,7.0
2022-03-22,sh.688258,29.07,29.11,4.0
2022-07-07,sh.688260,14.97,14.96,1.0
2022-03-21,sh.688265,53.03,53.02,1.0
2022-08-29,sh.688265,53.66,53.6,6.0
2022-09-19,sh.688265,49.27,49.38,11.0
2022-11-21,sh.688265,50.55,50.71,16.0
2022-08-29,sh.688267,32.59,32.58,1.0
2022-10-11,sh.688267,30.34,30.39,5.0
2022-12-27,sh.688267,38.25,38.12,13.0
2022-02-16,sh.688269,105.49,105.56,7.0
2022-02-22,sh.688269,107.37,107.67,30.0
2022-02-23,sh.688269,110.5,110.47,3.0
2022-02-24,sh.688269,109.59,109.6,1.0
2022-02-25,sh.688269,110.86,110.88,2.0
2022-03-30,sh.688269,91.01,91.04,3.0
2022-04-15,sh.688269,95.64,95.65,1.0
2022-04-25,sh.688269,86.0,87.08,108.0
2022-05-17,sh.688269,103.99,103.94,5.0
2022-05-26,sh.688269,98.59,98.64,5.0
2022-05-27,sh.688269,99.86,99.87,1.0
2022-12-13,sh.688269,82.96,82.52,44.0
2022-07-12,sh.688272,24.52,24.54,2.0
2022-07-25,sh.688272,25.24,25.29,5.0
2022-09-13,sh.688272,24.39,24.38,1.0
2022-09-14,sh.688272,24.17,24.14,3.0
2022-09-28,sh.688272,21.14,21.16,2.0
2022-08-11,sh.688281,319.6,320.42,82.0
2022-08-03,sh.688283,54.17,54.34,17.0
2022-05-12,sh.688285,7.52,7.53,1.0
2022-07-27,sh.688286,47.24,47.15,9.0
2022-10-18,sh.688288,18.6,18.61,1.0
2022-12-22,sh.688288,17.04,16.88,16.0
2022-12-26,sh.688288,17.05,17.1,5.0
2022-10-12,sh.688290,88.52,87.51,101.0
2022-11-14,sh.688290,82.06,82.18,12.0
2022-12-23,sh.688290,68.47,68.39,8.0
2022-01-11,sh.688296,44.62,44.61,1.0
2022-12-08,sh.688300,54.21,54.27,6.0
2022-12-16,sh.688300,53.81,53.8,1.0
2022-04-06,sh.688308,54.34,54.31,3.0
2022-04-15,sh.688308,49.91,50.32,41.0
2022-09-05,sh.688308,49.0,48.99,1.0
2022-02-22,sh.688309,16.36,16.35,1.0
2022-03-01,sh.688309,16.2,16.14,6.0
2022-04-20,sh.688309,13.5,13.51,1.0
2022-05-10,sh.688309,13.16,13.14,2.0
2022-05-16,sh.688309,13.11,13.1,1.0
2022-10-19,sh.688309,15.85,15.81,4.0
2022-11-01,sh.688309,16.27,16.24,3.0
2022-12-05,sh.688309,18.06,18.07,1.0
2022-12-19,sh.688310,25.53,25.58,5.0
2022-03-07,sh.688311,59.16,58.89,27.0
2022-05-16,sh.688311,58.68,58.71,3.0
2022-12-14,sh.688311,76.19,76.17,2.0
2022-03-03,sh.688314,54.16,54.21,5.0
2022-03-15,sh.688314,48.62,48.67,5.0
2022-04-14,sh.688314,45.33,45.4,7.0
2022-04-18,sh.688314,45.3,45.26,4.0
2022-04-19,sh.688314,45.3,45.25,5.0
2022-04-22,sh.688314,42.65,42.64,1.0
2022-04-27,sh.688314,39.08,39.06,2.0
2022-09-20,sh.688314,48.46,48.37,9.0
2022-09-26,sh.688314,44.39,44.18,21.0
2022-12-20,sh.688314,46.91,46.92,1.0
2022-12-21,sh.688314,46.76,46.7,6.0
2022-09-19,sh.688315,27.19,27.2,1.0
2022-09-21,sh.688315,27.69,27.57,12.0
2022-07-18,sh.688316,34.09,33.95,14.0
2022-07-25,sh.688316,33.42,33.38,4.0
2022-08-02,sh.688316,32.72,32.66,6.0
2022-08-03,sh.688316,32.4,32.44,4.0
2022-09-08,sh.688316,30.26,30.27,1.0
2022-10-11,sh.688316,25.89,25.88,1.0
2022-12-26,sh.688316,29.63,29.67,4.0
2022-12-27,sh.688316,29.34,29.31,3.0
2022-03-01,sh.688323,28.93,29.0,7.0
2022-04-20,sh.688323,23.36,23.34,2.0
2022-04-26,sh.688323,18.7,18.56,14.0
2022-05-26,sh.688323,22.29,22.27,2.0
2022-12-14,sh.688323,25.01,25.06,5.0
2022-12-23,sh.688323,22.76,22.75,1.0
2022-12-14,sh.688325,45.3,45.27,3.0
2022-12-21,sh.688325,42.7,42.67,3.0
2022-05-13,sh.688328,20.48,20.44,4.0
2022-04-26,sh.688329,22.51,22.48,3.0
2022-05-12,sh.688329,28.03,27.98,5.0
2022-03-28,sh.688330,116.22,116.36,14.0
2022-05-10,sh.688330,104.14,103.74,40.0
2022-02-22,sh.688333,174.68,174.67,1.0
2022-02-07,sh.688335,32.44,32.47,3.0
2022-04-06,sh.688335,31.01,30.99,2.0
2022-04-07,sh.688335,30.86,30.83,3.0
2022-04-11,sh.688335,29.66,29.71,5.0
2022-04-15,sh.688335,28.68,28.71,3.0
2022-04-19,sh.688335,28.84,28.93,9.0
2022-05-25,sh.688335,27.2,27.23,3.0
2022-06-24,sh.688335,28.24,28.26,2.0
2022-09-21,sh.688335,20.4,20.38,2.0
2022-12-28,sh.688335,20.91,20.94,3.0
2022-09-30,sh.688336,12.38,12.36,2.0
2022-10-10,sh.688336,12.23,12.18,5.0
2022-02-07,sh.688338,40.55,40.56,1.0
2022-02-09,sh.688338,41.39,41.41,2.0
2022-04-06,sh.688338,39.43,39.37,6.0
2022-04-27,sh.688338,30.88,30.94,6.0
2022-04-29,sh.688338,31.31,31.3,1.0
2022-05-09,sh.688338,33.15,33.18,3.0
2022-07-14,sh.688338,32.47,32.53,6.0
2022-03-17,sh.688350,18.89,18.87,2.0
2022-04-26,sh.688350,15.6,15.59,1.0
2022-05-18,sh.688350,16.26,16.29,3.0
2022-05-26,sh.688350,16.4,16.42,2.0
2022-07-21,sh.688350,18.93,18.91,2.0
2022-10-28,sh.688350,17.12,17.08,4.0
2022-12-06,sh.688350,19.14,19.17,3.0
2022-04-13,sh.688355,21.68,21.69,1.0
2022-04-20,sh.688355,20.23,20.17,6.0
2022-04-25,sh.688357,93.77,93.9,13.0
2022-03-17,sh.688358,39.16,39.33,17.0
2022-03-28,sh.688358,39.06,39.11,5.0
2022-06-15,sh.688358,35.27,35.15,12.0
2022-03-21,sh.688359,40.17,40.22,5.0
2022-03-22,sh.688367,22.24,22.23,1.0
2022-03-31,sh.688367,20.89,20.93,4.0
2022-04-07,sh.688367,19.73,19.74,1.0
2022-04-14,sh.688367,18.47,18.48,1.0
2022-04-18,sh.688367,19.15,19.12,3.0
2022-07-06,sh.688367,18.51,18.61,10.0
2022-08-30,sh.688367,18.2,18.21,1.0
2022-09-19,sh.688367,16.24,16.18,6.0
2022-10-26,sh.688367,16.98,16.95,3.0
2022-12-23,sh.688367,15.63,15.7,7.0
2022-12-26,sh.688367,15.88,15.91,3.0
2022-06-08,sh.688368,157.7,157.48,22.0
2022-03-09,sh.688369,64.28,64.29,1.0
2022-03-18,sh.688369,64.41,64.47,6.0
2022-03-25,sh.688369,59.27,59.3,3.0
2022-07-05,sh.688369,45.37,45.51,14.0
2022-07-21,sh.688369,53.59,53.64,5.0
2022-08-19,sh.688369,63.2,63.26,6.0
2022-09-13,sh.688369,58.12,58.13,1.0
2022-10-10,sh.688369,61.95,61.8,15.0
2022-10-11,sh.688369,60.4,59.83,57.0
2022-11-14,sh.688369,74.4,74.52,12.0
2022-12-05,sh.688369,75.2,75.17,3.0
2022-12-15,sh.688369,67.57,67.68,11.0
2022-11-29,sh.688377,38.12,38.17,5.0
2022-12-21,sh.688377,42.54,42.47,7.0
2022-01-26,sh.688379,20.2,20.21,1.0
2022-02-08,sh.688379,20.22,20.25,3.0
2022-04-20,sh.688379,17.12,17.1,2.0
2022-05-05,sh.688379,14.7,14.67,3.0
2022-05-06,sh.688379,14.54,14.52,2.0
2022-05-16,sh.688379,15.2,15.21,1.0
2022-07-11,sh.688379,15.93,15.9,3.0
2022-07-13,sh.688379,15.68,15.69,1.0
2022-11-03,sh.688379,15.89,15.9,1.0
2022-08-29,sh.688386,48.89,48.85,4.0
2022-04-06,sh.688393,27.95,27.91,4.0
2022-03-04,sh.688395,25.02,25.01,1.0
2022-01-25,sh.688398,41.98,41.96,2.0
2022-02-08,sh.688398,43.46,43.51,5.0
2022-02-21,sh.688398,44.26,44.22,4.0
2022-03-29,sh.688398,34.98,34.9,8.0
2022-02-10,sh.688418,13.19,13.24,5.0
2022-12-13,sh.688448,25.15,25.13,2.0
2022-12-14,sh.688448,25.23,25.2,3.0
2022-03-15,sh.688466,16.92,16.98,6.0
2022-03-30,sh.688466,17.26,17.27,1.0
2022-04-08,sh.688466,17.39,17.36,3.0
2022-04-15,sh.688466,16.32,16.33,1.0
2022-04-22,sh.688466,16.0,16.03,3.0
2022-06-21,sh.688466,15.43,15.44,1.0
2022-09-09,sh.688466,16.6,16.61,1.0
2022-09-15,sh.688466,15.84,15.85,1.0
2022-09-16,sh.688466,15.31,15.27,4.0
2022-12-13,sh.688466,16.0,15.98,2.0
2022-03-23,sh.688500,31.4,31.39,1.0
2022-03-29,sh.688500,30.1,30.09,1.0
2022-04-21,sh.688500,25.53,25.29,24.0
2022-05-10,sh.688500,22.17,22.16,1.0
2022-06-15,sh.688500,22.87,22.78,9.0
2022-08-02,sh.688500,21.13,21.12,1.0
2022-02-23,sh.688501,19.12,19.11,1.0
2022-07-11,sh.688501,15.71,15.67,4.0
2022-07-13,sh.688501,15.43,15.36,7.0
2022-07-21,sh.688501,16.08,16.13,5.0
2022-12-19,sh.688510,15.62,15.6,2.0
2022-03-24,sh.688511,42.12,41.89,23.0
2022-09-21,sh.688513,53.08,53.07,1.0
2022-09-23,sh.688513,52.31,52.41,10.0
2022-12-28,sh.688513,57.47,57.44,3.0
2022-07-06,sh.688517,11.3,11.29,1.0
2022-10-10,sh.688517,11.59,11.6,1.0
2022-03-04,sh.688519,39.35,39.33,2.0
2022-03-04,sh.688528,12.31,12.29,2.0
2022-03-08,sh.688528,11.87,11.84,3.0
2022-04-08,sh.688528,11.15,11.14,1.0
2022-04-11,sh.688528,10.74,10.73,1.0
2022-06-13,sh.688528,10.38,10.33,5.0
2022-06-22,sh.688528,10.4,10.41,1.0
2022-08-08,sh.688528,10.89,10.88,1.0
2022-08-16,sh.688528,11.08,11.09,1.0
2022-09-01,sh.688528,10.1,10.11,1.0
2022-09-08,sh.688528,10.29,10.28,1.0
2022-09-29,sh.688528,9.22,9.2,2.0
2022-11-02,sh.688528,10.14,10.15,1.0
2022-11-24,sh.688528,10.52,10.53,1.0
2022-12-08,sh.688528,10.48,10.52,4.0
2022-12-09,sh.688528,10.58,10.55,3.0
2022-12-19,sh.688528,10.36,10.33,3.0
2022-12-20,sh.688528,10.44,10.42,2.0
2022-04-08,sh.688551,42.61,42.66,5.0
2022-04-13,sh.688551,39.62,39.64,2.0
2022-03-14,sh.688553,28.55,28.51,4.0
2022-04-14,sh.688553,26.08,26.06,2.0
2022-04-15,sh.688553,25.58,25.59,1.0
2022-08-31,sh.688553,20.96,20.9,6.0
2022-07-08,sh.688557,30.74,30.69,5.0
2022-01-05,sh.688566,22.66,22.65,1.0
2022-03-01,sh.688566,21.1,21.09,1.0
2022-03-30,sh.688566,20.02,20.03,1.0
2022-04-13,sh.688566,18.7,18.71,1.0
2022-04-18,sh.688566,18.44,18.35,9.0
2022-04-25,sh.688566,15.33,15.42,9.0
2022-04-26,sh.688566,15.47,15.44,3.0
2022-04-28,sh.688566,15.81,15.82,1.0
2022-05-09,sh.688566,17.16,17.17,1.0
2022-05-18,sh.688566,17.89,17.9,1.0
2022-05-27,sh.688566,17.05,17.0,5.0
2022-06-07,sh.688566,18.62,18.67,5.0
2022-06-28,sh.688566,18.59,18.58,1.0
2022-09-09,sh.688566,18.77,18.78,1.0
2022-10-11,sh.688568,58.55,58.58,3.0
2022-03-11,sh.688569,18.15,18.11,4.0
2022-09-19,sh.688569,17.2,17.18,2.0
2022-12-22,sh.688569,17.56,17.57,1.0
2022-12-27,sh.688569,17.72,17.7,2.0
2022-04-11,sh.688571,7.69,7.7,1.0
2022-05-24,sh.688571,6.85,6.86,1.0
2022-08-15,sh.688571,7.56,7.55,1.0
2022-08-23,sh.688571,7.54,7.52,2.0
2022-08-31,sh.688571,7.18,7.17,1.0
2022-09-19,sh.688571,6.8,6.71,9.0
2022-10-10,sh.688571,6.7,6.68,2.0
2022-10-19,sh.688571,7.18,7.16,2.0
2022-01-11,sh.688577,52.51,52.77,26.0
2022-03-11,sh.688577,43.45,43.44,1.0
2022-03-28,sh.688577,43.26,43.27,1.0
2022-04-20,sh.688577,39.53,39.45,8.0
2022-05-27,sh.688577,34.7,34.66,4.0
2022-07-13,sh.688577,38.47,38.38,9.0
2022-09-16,sh.688577,39.07,39.2,13.0
2022-09-23,sh.688577,39.8,39.68,12.0
2022-10-11,sh.688577,36.79,36.75,4.0
2022-10-14,sh.688577,39.4,39.27,13.0
2022-07-21,sh.688579,8.77,8.73,4.0
2022-09-16,sh.688580,49.75,49.87,12.0
2022-12-20,sh.688580,51.34,50.98,36.0
2022-01-11,sh.688585,10.46,10.47,1.0
2022-02-25,sh.688585,9.63,9.61,2.0
2022-03-24,sh.688585,9.73,9.71,2.0
2022-04-14,sh.688585,8.28,8.27,1.0
2022-05-10,sh.688585,7.73,7.74,1.0
2022-05-12,sh.688585,7.99,7.96,3.0
2022-09-05,sh.688585,9.67,9.69,2.0
2022-09-20,sh.688585,8.74,8.73,1.0
2022-10-10,sh.688585,7.88,7.87,1.0
2022-03-29,sh.688588,12.28,12.27,1.0
2022-03-08,sh.688597,15.39,15.32,7.0
2022-04-12,sh.688597,12.2,12.18,2.0
2022-03-22,sh.688600,15.36,15.35,1.0
2022-04-11,sh.688600,12.98,12.99,1.0
2022-04-15,sh.688600,12.96,12.95,1.0
2022-04-19,sh.688600,13.16,13.15,1.0
2022-04-22,sh.688600,12.21,12.24,3.0
2022-04-28,sh.688600,10.33,10.32,1.0
2022-09-13,sh.688606,114.93,114.94,1.0
2022-04-20,sh.688607,23.42,23.39,3.0
2022-05-12,sh.688607,19.18,19.2,2.0
2022-06-13,sh.688607,19.83,19.88,5.0
2022-03-24,sh.688611,57.4,57.35,5.0
2022-04-27,sh.688611,50.79,50.56,23.0
2022-05-09,sh.688611,52.42,52.34,8.0
2022-05-13,sh.688611,54.9,54.97,7.0
2022-05-16,sh.688611,54.26,54.03,23.0
2022-05-19,sh.688611,56.15,56.21,6.0
2022-05-27,sh.688611,56.13,56.25,12.0
2022-08-15,sh.688611,65.8,65.49,31.0
2022-09-07,sh.688611,65.97,65.98,1.0
2022-09-20,sh.688611,59.47,59.42,5.0
2022-11-17,sh.688611,53.93,53.85,8.0
2022-11-28,sh.688611,48.28,48.29,1.0
2022-12-05,sh.688611,48.84,48.69,15.0
2022-02-11,sh.688616,12.68,12.63,5.0
2022-04-08,sh.688616,11.09,11.1,1.0
2022-06-07,sh.688616,11.29,11.27,2.0
2022-11-08,sh.688616,11.65,11.66,1.0
2022-03-07,sh.688617,210.16,210.81,65.0
2022-05-23,sh.688617,192.03,192.01,2.0
2022-05-25,sh.688617,184.0,184.41,41.0
2022-06-09,sh.688617,206.13,206.16,3.0
2022-07-15,sh.688617,209.07,209.1,3.0
2022-11-24,sh.688617,292.2,291.85,35.0
2022-11-25,sh.688617,288.18,287.45,73.0
2022-01-12,sh.688618,44.76,44.65,11.0
2022-03-28,sh.688618,40.79,40.69,10.0
2022-04-13,sh.688618,37.15,37.02,13.0
2022-04-27,sh.688618,34.3,34.28,2.0
2022-05-16,sh.688618,39.68,39.56,12.0
2022-09-05,sh.688618,51.84,51.62,22.0
2022-10-11,sh.688618,46.76,46.94,18.0
2022-12-07,sh.688618,86.66,86.58,8.0
2022-03-28,sh.688619,16.53,16.56,3.0
2022-05-06,sh.688619,12.25,12.24,1.0
2022-06-08,sh.688619,14.66,14.44,22.0
2022-09-19,sh.688619,11.5,11.53,3.0
2022-12-21,sh.688619,10.76,10.77,1.0
2022-12-30,sh.688619,10.35,10.34,1.0
2022-03-22,sh.688621,99.87,99.82,5.0
2022-08-18,sh.688621,104.55,104.72,17.0
2022-09-20,sh.688621,81.69,81.87,18.0
2022-11-24,sh.688621,103.49,103.59,10.0
2022-03-28,sh.688622,36.32,36.27,5.0
2022-04-25,sh.688622,26.73,26.72,1.0
2022-01-18,sh.688625,53.05,53.04,1.0
2022-01-26,sh.688625,49.52,49.51,1.0
2022-02-10,sh.688625,47.1,47.12,2.0
2022-03-29,sh.688625,38.38,38.31,7.0
2022-04-18,sh.688625,35.63,35.48,15.0
2022-06-15,sh.688625,45.87,45.89,2.0
2022-06-30,sh.688625,43.65,43.64,1.0
2022-07-25,sh.688625,38.88,38.89,1.0
2022-07-27,sh.688625,40.81,40.65,16.0
2022-08-08,sh.688625,45.78,46.0,22.0
2022-08-10,sh.688625,46.95,46.77,18.0
2022-12-14,sh.688625,52.23,52.1,13.0
2022-12-21,sh.688625,47.55,47.58,3.0
2022-05-30,sh.688626,29.89,29.92,3.0
2022-02-18,sh.688628,27.12,27.17,5.0
2022-04-28,sh.688628,22.57,22.6,3.0
2022-03-14,sh.688633,43.01,43.32,31.0
2022-06-17,sh.688633,47.18,47.2,2.0
2022-11-29,sh.688633,47.24,47.25,1.0
2022-03-03,sh.688636,108.4,108.28,12.0
2022-03-08,sh.688636,101.4,101.41,1.0
2022-03-09,sh.688636,99.0,100.44,144.0
2022-03-14,sh.688636,103.06,103.14,8.0
2022-03-21,sh.688636,100.59,100.58,1.0
2022-04-18,sh.688636,84.6,84.5,10.0
2022-05-25,sh.688636,109.6,109.57,3.0
2022-08-02,sh.688636,108.49,108.57,8.0
2022-04-18,sh.688639,91.03,91.1,7.0
2022-05-20,sh.688639,96.06,96.08,2.0
2022-11-22,sh.688655,12.72,12.69,3.0
2022-12-09,sh.688655,12.21,12.22,1.0
2022-05-06,sh.688656,34.17,34.13,4.0
2022-05-12,sh.688656,36.38,36.4,2.0
2022-05-25,sh.688656,36.99,37.01,2.0
2022-05-26,sh.688656,36.38,36.37,1.0
2022-06-02,sh.688656,40.73,40.64,9.0
2022-06-15,sh.688656,38.61,38.47,14.0
2022-07-15,sh.688656,35.88,35.82,6.0
2022-07-20,sh.688656,36.45,36.44,1.0
2022-09-20,sh.688656,31.63,31.43,20.0
2022-12-08,sh.688656,33.74,33.76,2.0
2022-12-13,sh.688656,34.58,34.59,1.0
2022-12-23,sh.688656,33.25,33.18,7.0
2022-04-13,sh.688659,10.01,10.02,1.0
2022-04-19,sh.688659,10.09,10.12,3.0
2022-04-21,sh.688659,9.7,9.72,2.0
2022-04-25,sh.688659,9.04,9.06,2.0
2022-05-18,sh.688659,9.07,9.04,3.0
2022-03-25,sh.688662,33.7,33.6,10.0
2022-04-13,sh.688662,29.03,29.01,2.0
2022-07-11,sh.688665,142.0,142.42,42.0
2022-09-14,sh.688665,122.06,121.92,14.0
2022-09-21,sh.688665,109.26,109.25,1.0
2022-12-27,sh.688665,95.91,96.0,9.0
2022-04-06,sh.688669,27.54,27.55,1.0
2022-04-18,sh.688670,43.16,43.21,5.0
2022-04-22,sh.688670,39.55,39.57,2.0
2022-04-26,sh.688670,34.8,34.81,1.0
2022-10-20,sh.688670,40.4,40.38,2.0
2022-01-14,sh.688677,90.31,90.27,4.0
2022-01-18,sh.688677,90.08,90.68,60.0
2022-04-07,sh.688677,73.35,73.34,1.0
2022-04-08,sh.688677,72.32,72.34,2.0
2022-06-14,sh.688677,85.3,85.29,1.0
2022-07-20,sh.688677,90.2,90.18,2.0
2022-08-16,sh.688677,88.72,88.75,3.0
2022-04-19,sh.688678,17.65,17.67,2.0
2022-01-07,sh.688679,12.94,12.89,5.0
2022-03-10,sh.688679,12.16,12.13,3.0
2022-05-05,sh.688679,9.88,9.84,4.0
2022-05-16,sh.688679,10.32,10.26,6.0
2022-05-24,sh.688679,10.02,10.03,1.0
2022-06-30,sh.688679,10.9,10.86,4.0
2022-07-01,sh.688679,10.81,10.79,2.0
2022-08-22,sh.688679,11.72,11.71,1.0
2022-09-16,sh.688679,11.71,11.69,2.0
2022-12-21,sh.688679,10.83,10.81,2.0
2022-04-18,sh.688681,14.76,14.75,1.0
2022-04-22,sh.688681,13.81,13.88,7.0
2022-05-20,sh.688681,13.18,13.17,1.0
2022-11-07,sh.688681,15.25,15.29,4.0
2022-12-08,sh.688681,14.2,14.15,5.0
2022-05-11,sh.688682,96.3,96.37,7.0
2022-02-18,sh.688683,22.75,22.73,2.0
2022-03-02,sh.688683,25.99,26.1,11.0
2022-03-09,sh.688683,24.26,24.22,4.0
2022-03-11,sh.688683,24.02,24.14,12.0
2022-04-06,sh.688683,21.85,21.99,14.0
2022-04-07,sh.688683,21.54,21.43,11.0
2022-08-15,sh.688683,26.02,26.0,2.0
2022-10-20,sh.688683,24.28,24.3,2.0
2022-12-12,sh.688683,22.08,22.1,2.0
2022-01-13,sh.688686,251.44,251.28,16.0
2022-05-26,sh.688686,169.7,169.57,13.0
2022-03-28,sh.688696,360.98,360.72,26.0
2022-12-29,sh.688698,20.08,20.06,2.0
2022-12-06,sh.688701,9.49,9.5,1.0
2022-03-21,sh.688718,20.89,20.86,3.0
2022-04-07,sh.688718,18.46,18.4,6.0
2022-08-03,sh.688737,34.2,34.23,3.0
2022-12-06,sh.688737,35.35,35.33,2.0
2022-12-13,sh.688737,36.18,36.09,9.0
2022-09-07,sh.688739,46.86,46.87,1.0
2022-07-11,sh.688766,144.76,144.75,1.0
2022-07-14,sh.688766,136.5,136.17,33.0
2022-09-20,sh.688767,48.4,48.36,4.0
2022-01-04,sh.688768,106.32,106.52,20.0
2022-03-30,sh.688768,65.38,65.16,22.0
2022-07-20,sh.688768,91.19,91.09,10.0
2022-07-21,sh.688768,90.5,90.26,24.0
2022-12-26,sh.688768,105.09,104.98,11.0
2022-02-16,sh.688776,161.3,161.1,20.0
2022-02-21,sh.688776,162.45,162.41,4.0
2022-02-22,sh.688776,162.69,162.98,29.0
2022-03-21,sh.688776,144.31,144.33,2.0
2022-04-01,sh.688776,143.79,143.78,1.0
2022-04-07,sh.688776,138.8,138.79,1.0
2022-05-26,sh.688776,155.0,155.07,7.0
2022-06-23,sh.688776,175.54,176.19,65.0
2022-02-18,sh.688786,45.62,45.75,13.0
2022-09-08,sh.688787,54.2,54.25,5.0
2022-09-23,sh.688787,51.82,51.81,1.0
2022-09-05,sh.688789,186.9,186.98,8.0
2022-09-09,sh.688789,184.26,184.36,10.0
2022-09-21,sh.688789,165.65,167.09,144.0
2022-10-13,sh.688789,149.97,149.82,15.0
2022-10-25,sh.688789,150.39,149.45,94.0
2022-11-08,sh.688789,167.49,167.22,27.0
2022-12-16,sh.688789,170.2,170.21,1.0
2022-05-09,sh.688793,47.85,48.09,24.0
2022-03-25,sh.688798,174.49,174.86,37.0
2022-03-29,sh.688798,166.3,165.55,75.0
2022-04-19,sh.688799,34.2,34.28,8.0
2022-08-22,sh.688799,32.1,32.12,2.0
2022-09-13,sh.688799,32.28,32.17,11.0
2022-05-30,sh.688800,101.5,101.64,14.0
2023-04-20,sh.600281,4.28,4.29,1.0
2023-05-17,sh.600365,3.18,3.17,1.0
2023-06-14,sh.600608,3.78,3.77,1.0
2023-01-16,sh.600615,9.14,9.13,1.0
2023-01-17,sh.600671,8.79,8.8,1.0
2023-07-11,sh.600671,8.22,8.21,1.0
2023-07-18,sh.600766,10.21,10.22,1.0
2023-11-14,sh.603007,4.02,4.01,1.0
2023-06-01,sh.603117,3.61,3.6,1.0
2023-10-25,sh.603117,3.39,3.38,1.0
2023-10-30,sh.603117,3.43,3.42,1.0
2023-11-01,sh.603117,3.42,3.41,1.0
2023-11-21,sh.603117,3.55,3.53,2.0
2023-02-13,sh.603380,29.39,29.43,4.0
2023-01-09,sh.603389,5.37,5.38,1.0
2023-12-07,sh.603559,8.42,8.43,1.0
2023-02-06,sh.603722,42.2,42.25,5.0
2023-04-25,sh.603819,13.82,13.85,3.0
2023-06-21,sh.603991,36.96,36.86,10.0
2023-08-02,sh.603991,36.75,36.72,3.0
2023-04-10,sh.605298,13.71,13.74,3.0
2023-03-28,sh.688013,23.54,23.48,6.0
2023-04-12,sh.688013,22.58,22.57,1.0
2023-04-24,sh.688013,21.33,21.21,12.0
2023-01-06,sh.688021,24.95,24.88,7.0
2023-03-30,sh.688021,28.15,28.26,11.0
2023-03-29,sh.688045,64.15,64.23,8.0
2023-02-24,sh.688052,309.96,310.41,45.0
2023-05-11,sh.688053,52.85,52.72,13.0
2023-05-22,sh.688056,42.23,42.16,7.0
2023-08-16,sh.688056,35.8,35.92,12.0
2023-02-24,sh.688057,15.1,15.11,1.0
2023-04-06,sh.688057,15.94,15.96,2.0
2023-06-08,sh.688057,13.77,13.78,1.0
2023-01-11,sh.688059,157.0,157.02,2.0
2023-02-08,sh.688059,166.61,166.62,1.0
2023-04-19,sh.688060,63.77,63.26,51.0
2023-06-08,sh.688061,69.1,69.17,7.0
2023-02-06,sh.688067,20.71,20.7,1.0
2023-03-10,sh.688067,21.58,21.59,1.0
2023-03-14,sh.688067,20.95,20.96,1.0
2023-07-06,sh.688067,22.11,22.1,1.0
2023-01-12,sh.688069,26.93,26.92,1.0
2023-01-30,sh.688069,27.92,27.86,6.0
2023-05-17,sh.688069,27.97,28.01,4.0
2023-05-11,sh.688070,40.58,40.57,1.0
2023-05-19,sh.688071,47.53,47.6,7.0
2023-02-07,sh.688073,127.27,127.33,6.0
2023-02-14,sh.688073,133.46,133.51,5.0
2023-03-09,sh.688073,129.14,129.39,25.0
2023-03-10,sh.688073,131.78,131.39,39.0
2023-05-08,sh.688073,122.46,122.42,4.0
2023-07-13,sh.688083,155.82,156.24,42.0
2023-04-11,sh.688084,86.52,86.61,9.0
2023-04-19,sh.688084,83.95,83.77,18.0
2023-05-23,sh.688084,80.13,80.14,1.0
2023-07-04,sh.688084,85.58,85.55,3.0
2023-01-10,sh.688092,24.96,24.92,4.0
2023-01-06,sh.688096,12.29,12.27,2.0
2023-02-08,sh.688096,13.03,13.02,1.0
2023-05-11,sh.688096,13.42,13.43,1.0
2023-02-21,sh.688103,61.94,62.04,10.0
2023-03-10,sh.688112,84.89,84.77,12.0
2023-02-20,sh.688113,48.49,48.45,4.0
2023-04-12,sh.688113,49.2,49.16,4.0
2023-04-13,sh.688113,49.05,49.25,20.0
2023-04-27,sh.688113,47.35,47.32,3.0
2023-03-08,sh.688115,39.82,39.8,2.0
2023-05-11,sh.688125,44.88,44.87,1.0
2023-01-13,sh.688129,13.98,13.96,2.0
2023-06-05,sh.688155,52.59,52.5,9.0
2023-02-23,sh.688156,37.79,37.82,3.0
2023-01-03,sh.688157,91.64,91.63,1.0
2023-03-17,sh.688157,98.9,98.89,1.0
2023-03-28,sh.688157,97.86,97.72,14.0
2023-04-26,sh.688160,34.13,34.15,2.0
2023-02-03,sh.688161,67.92,68.07,15.0
2023-04-26,sh.688163,22.32,22.37,5.0
2023-05-11,sh.688163,22.92,22.89,3.0
2023-05-16,sh.688163,23.11,23.12,1.0
2023-06-12,sh.688163,21.5,21.52,2.0
2023-06-28,sh.688163,21.17,21.16,1.0
2023-03-29,sh.688175,40.8,40.77,3.0
2023-03-28,sh.688178,20.06,20.04,2.0
2023-06-19,sh.688178,18.87,18.85,2.0
2023-06-28,sh.688184,30.17,30.18,1.0
2023-01-06,sh.688191,13.21,13.22,1.0
2023-01-10,sh.688191,13.18,13.19,1.0
2023-01-04,sh.688193,46.84,46.91,7.0
2023-01-12,sh.688193,46.53,46.61,8.0
2023-04-10,sh.688193,49.63,49.27,36.0
2023-04-19,sh.688193,49.2,49.17,3.0
2023-06-14,sh.688193,43.04,43.02,2.0
2023-02-28,sh.688197,42.24,42.03,21.0
2023-03-30,sh.688198,125.68,125.64,4.0
2023-04-10,sh.688198,125.92,125.88,4.0
2023-05-17,sh.688198,108.71,108.46,25.0
2023-01-12,sh.688215,31.3,31.28,2.0
2023-03-09,sh.688215,35.15,35.13,2.0
2023-06-12,sh.688216,25.96,25.94,2.0
2023-01-11,sh.688217,37.75,37.67,8.0
2023-06-05,sh.688217,40.91,40.93,2.0
2023-01-09,sh.688225,17.63,17.65,2.0
2023-06-06,sh.688231,29.2,29.17,3.0
2023-01-06,sh.688236,22.71,22.67,4.0
2023-04-04,sh.688236,29.49,29.33,16.0
2023-05-12,sh.688237,43.09,43.12,3.0
2023-02-14,sh.688251,34.76,34.77,1.0
2023-02-24,sh.688251,33.12,33.11,1.0
2023-05-09,sh.688251,26.25,26.14,11.0
2023-06-13,sh.688251,28.91,28.93,2.0
2023-05-29,sh.688265,43.64,43.5,14.0
2023-06-08,sh.688265,41.63,41.62,1.0
2023-08-15,sh.688265,38.07,38.08,1.0
2023-01-04,sh.688267,39.86,39.63,23.0
2023-01-17,sh.688267,37.24,37.4,16.0
2023-02-06,sh.688267,37.1,37.0,10.0
2023-03-17,sh.688272,22.64,22.65,1.0
2023-07-05,sh.688272,18.63,18.65,2.0
2023-07-10,sh.688272,18.54,18.53,1.0
2023-08-23,sh.688272,18.7,18.71,1.0
2023-09-04,sh.688272,18.32,18.31,1.0
2023-09-07,sh.688272,18.19,18.18,1.0
2023-10-24,sh.688272,18.6,18.61,1.0
2023-11-02,sh.688272,18.6,18.59,1.0
2023-11-23,sh.688272,18.8,18.81,1.0
2023-11-30,sh.688272,18.72,18.7,2.0
2023-02-21,sh.688279,93.96,93.95,1.0
2023-03-13,sh.688279,92.8,92.56,24.0
2023-03-14,sh.688279,91.61,91.68,7.0
2023-01-18,sh.688283,63.55,63.43,12.0
2023-02-06,sh.688283,63.25,63.37,12.0
2023-02-10,sh.688283,62.05,62.14,9.0
2023-05-22,sh.688283,59.39,59.16,23.0
2023-05-24,sh.688283,60.82,60.76,6.0
2023-05-26,sh.688283,60.69,60.65,4.0
2023-08-01,sh.688283,65.33,65.48,15.0
2023-08-07,sh.688283,65.46,65.71,25.0
2023-08-15,sh.688283,66.43,65.87,56.0
2023-08-17,sh.688283,66.41,66.54,13.0
2023-01-19,sh.688290,80.38,80.54,16.0
2023-06-08,sh.688290,66.88,66.63,25.0
2023-02-28,sh.688293,111.82,111.83,1.0
2023-05-15,sh.688293,57.15,57.11,4.0
2023-01-16,sh.688309,19.75,19.71,4.0
2023-02-07,sh.688309,20.9,20.92,2.0
2023-03-09,sh.688309,22.92,22.84,8.0
2023-06-02,sh.688310,38.86,38.82,4.0
2023-05-09,sh.688311,65.3,65.23,7.0
2023-01-03,sh.688314,49.21,49.32,11.0
2023-01-10,sh.688314,50.85,50.66,19.0
2023-04-21,sh.688314,51.6,51.54,6.0
2023-05-12,sh.688323,20.09,20.1,1.0
2023-01-04,sh.688325,41.99,42.1,11.0
2023-05-10,sh.688325,40.07,40.09,2.0
2023-04-19,sh.688338,53.58,53.7,12.0
2023-06-27,sh.688345,36.34,36.3,4.0
2023-04-12,sh.688350,19.96,19.99,3.0
2023-06-12,sh.688350,16.79,16.78,1.0
2023-03-16,sh.688357,111.43,111.4,3.0
2023-01-09,sh.688367,16.69,16.64,5.0
2023-01-10,sh.688367,16.76,16.72,4.0
2023-08-07,sh.688367,17.22,17.29,7.0
2023-01-06,sh.688369,73.18,73.01,17.0
2023-03-08,sh.688369,83.26,83.21,5.0
2023-06-14,sh.688370,36.74,36.76,2.0
2023-04-13,sh.688377,32.08,31.95,13.0
2023-02-06,sh.688395,20.72,20.71,1.0
2023-03-10,sh.688395,21.63,21.65,2.0
2023-01-12,sh.688416,38.55,38.56,1.0
2023-05-22,sh.688435,104.27,104.25,2.0
2023-02-27,sh.688448,25.54,25.53,1.0
2023-05-16,sh.688455,13.65,13.69,4.0
2023-01-05,sh.688466,15.68,15.67,1.0
2023-06-30,sh.688500,17.33,17.3,3.0
2023-09-04,sh.688500,18.2,18.16,4.0
2023-12-12,sh.688500,26.37,26.28,9.0
2023-06-12,sh.688501,25.49,25.42,7.0
2023-02-22,sh.688513,56.55,56.46,9.0
2023-03-21,sh.688513,53.94,53.78,16.0
2023-04-21,sh.688513,58.54,58.59,5.0
2023-05-30,sh.688513,56.9,56.93,3.0
2023-07-11,sh.688513,52.74,52.8,6.0
2023-01-06,sh.688519,21.97,21.93,4.0
2023-05-05,sh.688528,9.6,9.53,7.0
2023-03-17,sh.688553,16.96,16.95,1.0
2023-01-13,sh.688557,33.48,33.42,6.0
2023-03-06,sh.688558,41.95,42.05,10.0
2023-09-13,sh.688558,30.09,30.13,4.0
2023-01-09,sh.688571,7.14,7.15,1.0
2023-01-31,sh.688571,7.35,7.36,1.0
2023-04-24,sh.688577,46.99,46.96,3.0
2023-06-27,sh.688581,122.02,121.82,20.0
2023-03-13,sh.688585,9.65,9.66,1.0
2023-04-21,sh.688585,8.31,8.3,1.0
2023-04-24,sh.688585,8.26,8.24,2.0
2023-01-16,sh.688600,27.13,27.05,8.0
2023-07-10,sh.688606,51.8,51.81,1.0
2023-01-05,sh.688611,47.0,46.91,9.0
2023-01-13,sh.688611,46.98,46.88,10.0
2023-03-22,sh.688611,56.19,56.18,1.0
2023-04-21,sh.688611,47.14,47.08,6.0
2023-07-06,sh.688611,41.92,42.02,10.0
2023-02-08,sh.688616,12.71,12.73,2.0
2023-04-19,sh.688616,12.5,12.48,2.0
2023-01-06,sh.688617,322.09,321.65,44.0
2023-03-14,sh.688617,334.14,334.07,7.0
2023-08-10,sh.688622,31.36,31.38,2.0
2023-03-10,sh.688625,50.76,50.88,12.0
2023-04-13,sh.688625,46.16,46.19,3.0
2023-03-29,sh.688639,162.8,162.75,5.0
2023-01-20,sh.688656,37.15,37.16,1.0
2023-03-30,sh.688656,37.46,37.45,1.0
2023-06-01,sh.688656,37.11,37.09,2.0
2023-03-06,sh.688665,112.1,112.01,9.0
2023-05-10,sh.688669,22.7,22.71,1.0
2023-03-22,sh.688670,50.0,50.04,4.0
2023-05-12,sh.688670,55.63,55.88,25.0
2023-01-12,sh.688679,11.02,11.03,1.0
2023-02-14,sh.688679,12.51,12.5,1.0
2023-05-19,sh.688679,14.62,14.57,5.0
2023-07-05,sh.688679,14.19,14.18,1.0
2023-01-04,sh.688681,13.89,13.9,1.0
2023-04-20,sh.688683,22.78,22.75,3.0
2023-02-22,sh.688701,8.74,8.73,1.0
2023-04-04,sh.688701,8.62,8.56,6.0
2023-04-11,sh.688701,8.25,8.26,1.0
2023-05-08,sh.688737,38.64,38.57,7.0
2023-01-16,sh.688768,117.59,116.97,62.0
2023-02-08,sh.688768,131.23,130.99,24.0
2023-02-09,sh.688768,137.32,137.35,3.0
2023-02-13,sh.688768,135.6,135.31,29.0
2023-05-19,sh.688768,121.8,122.21,41.0
2023-05-25,sh.688768,124.53,124.52,1.0
2023-01-05,sh.688776,194.5,194.98,48.0
2023-02-16,sh.688789,188.7,186.99,171.0
2023-03-14,sh.688789,187.38,187.91,53.0
2024-03-18,sh.600070,2.06,2.05,1.0
2024-08-28,sh.600080,6.04,6.05,1.0
2024-09-06,sh.600279,3.55,3.54,1.0
2024-06-11,sh.600306,0.33,0.32,1.0
2024-08-27,sh.600493,4.12,4.13,1.0
2024-03-11,sh.600530,2.4,2.41,1.0
2024-06-11,sh.600671,7.98,8.0,2.0
2024-07-25,sh.600671,6.36,6.35,1.0
2024-09-09,sh.600671,6.15,6.14,1.0
2024-12-26,sh.600671,8.81,8.8,1.0
2024-12-30,sh.600671,8.8,8.75,5.0
2024-06-21,sh.603059,19.61,19.63,2.0
2024-07-22,sh.603101,4.49,4.5,1.0
2024-09-18,sh.603102,28.34,28.35,1.0
2024-08-19,sh.603115,9.71,9.72,1.0
2024-09-10,sh.603150,23.92,23.91,1.0
2024-08-27,sh.603177,6.71,6.72,1.0
2024-09-06,sh.603551,9.38,9.4,2.0
2024-08-06,sh.603557,1.87,1.86,1.0
2024-05-30,sh.603578,12.49,12.5,1.0
2024-07-22,sh.603578,11.29,11.3,1.0
2024-08-14,sh.603578,11.08,11.07,1.0
2024-08-16,sh.603585,10.31,10.32,1.0
2024-08-20,sh.603600,8.99,9.01,2.0
2024-08-07,sh.603755,22.4,22.39,1.0
2024-07-02,sh.603822,19.25,19.24,1.0
2024-08-21,sh.603836,11.12,11.13,1.0
2024-08-27,sh.603856,10.08,10.09,1.0
2024-04-26,sh.603880,3.57,3.56,1.0
2024-01-16,sh.603922,25.14,25.13,1.0
2024-06-17,sh.603922,25.83,25.8,3.0
2024-10-24,sh.603926,8.76,8.75,1.0
2024-08-12,sh.603956,4.76,4.75,1.0
2024-09-10,sh.605003,15.07,15.04,3.0
2024-08-12,sh.605028,13.09,13.11,2.0
2024-08-14,sh.605151,14.85,14.82,3.0
2024-05-27,sh.605259,21.52,21.51,1.0
2024-08-29,sh.605268,6.41,6.42,1.0
2024-07-17,sh.605287,10.91,10.9,1.0
2024-08-28,sh.605500,6.09,6.08,1.0
2024-09-11,sh.605566,13.82,13.83,1.0
2024-08-20,sh.688004,10.36,10.37,1.0
2024-07-17,sh.688010,14.94,14.95,1.0
2024-06-19,sh.688013,15.19,15.17,2.0
2024-07-03,sh.688013,14.71,14.68,3.0
2024-07-04,sh.688013,14.2,14.27,7.0
2024-09-02,sh.688013,15.36,15.22,14.0
2024-09-10,sh.688021,7.7,7.71,1.0
2024-09-05,sh.688051,15.57,15.55,2.0
2024-09-09,sh.688051,14.74,14.79,5.0
2024-08-01,sh.688056,21.46,21.31,15.0
2024-07-01,sh.688057,9.81,9.8,1.0
2024-07-02,sh.688057,9.79,9.78,1.0
2024-07-03,sh.688057,9.77,9.74,3.0
2024-08-23,sh.688060,26.83,26.7,13.0
2024-09-04,sh.688060,26.76,26.73,3.0
2024-12-25,sh.688060,36.5,36.61,11.0
2024-07-24,sh.688067,12.96,12.98,2.0
2024-07-19,sh.688069,13.72,13.7,2.0
2024-09-20,sh.688069,13.27,13.25,2.0
2024-06-06,sh.688075,32.27,32.29,2.0
2024-08-22,sh.688075,33.38,33.37,1.0
2024-07-03,sh.688078,22.78,22.8,2.0
2024-08-27,sh.688081,7.94,7.93,1.0
2024-08-20,sh.688084,37.52,37.58,6.0
2024-08-26,sh.688084,35.79,35.76,3.0
2024-09-05,sh.688092,18.35,18.36,1.0
2024-09-09,sh.688092,17.68,17.71,3.0
2024-08-21,sh.688096,5.0,4.99,1.0
2024-11-26,sh.688098,5.43,5.39,4.0
2024-08-19,sh.688103,31.19,31.18,1.0
2024-08-26,sh.688103,29.7,29.73,3.0
2024-11-13,sh.688103,47.91,47.92,1.0
2024-07-10,sh.688112,25.4,25.44,4.0
2024-08-23,sh.688112,22.99,22.98,1.0
2024-05-28,sh.688113,31.92,31.95,3.0
2024-07-01,sh.688113,27.8,27.66,14.0
2024-09-26,sh.688113,25.58,25.57,1.0
2024-10-11,sh.688113,31.01,31.0,1.0
2024-10-29,sh.688113,33.0,33.01,1.0
2024-09-18,sh.688119,2.93,2.94,1.0
2024-04-22,sh.688125,26.38,26.33,5.0
2024-08-06,sh.688125,28.96,28.94,2.0
2024-09-10,sh.688125,25.84,25.85,1.0
2024-06-04,sh.688130,29.49,29.58,9.0
2024-06-07,sh.688130,29.26,29.23,3.0
2024-09-10,sh.688130,17.1,17.11,1.0
2024-07-17,sh.688136,15.87,15.85,2.0
2024-07-01,sh.688137,32.09,32.12,3.0
2024-07-18,sh.688137,30.47,30.51,4.0
2024-07-26,sh.688137,30.07,30.09,2.0
2024-07-29,sh.688137,30.38,30.36,2.0
2024-07-30,sh.688137,30.59,30.58,1.0
2024-08-19,sh.688137,31.39,31.34,5.0
2024-08-22,sh.688137,29.26,29.31,5.0
2024-08-27,sh.688137,29.11,29.13,2.0
2024-09-03,sh.688137,30.42,30.37,5.0
2024-09-05,sh.688137,30.09,29.96,13.0
2024-09-10,sh.688137,29.82,29.77,5.0
2024-11-28,sh.688137,35.4,35.41,1.0
2024-07-03,sh.688151,12.39,12.37,2.0
2024-07-23,sh.688155,35.56,35.59,3.0
2024-06-05,sh.688157,31.02,31.19,17.0
2024-08-21,sh.688163,13.26,13.25,1.0
2024-06-12,sh.688168,29.82,29.74,8.0
2024-08-12,sh.688170,19.56,19.55,1.0
2024-08-23,sh.688175,12.98,12.9,8.0
2024-07-22,sh.688178,9.54,9.57,3.0
2024-04-23,sh.688184,16.27,16.28,1.0
2024-07-29,sh.688184,12.14,12.13,1.0
2024-08-19,sh.688184,11.78,11.77,1.0
2024-06-25,sh.688191,16.28,16.33,5.0
2024-08-28,sh.688191,14.61,14.6,1.0
2024-09-18,sh.688191,14.71,14.72,1.0
2024-09-03,sh.688193,25.12,25.13,1.0
2024-11-20,sh.688193,42.38,42.11,27.0
2024-12-17,sh.688193,39.16,39.01,15.0
2024-12-25,sh.688193,36.04,36.13,9.0
2024-07-24,sh.688198,100.02,99.89,13.0
2024-09-12,sh.688203,8.18,8.21,3.0
2024-01-29,sh.688211,32.17,32.13,4.0
2024-05-27,sh.688211,27.65,27.68,3.0
2024-06-04,sh.688211,27.62,27.54,8.0
2024-06-14,sh.688211,26.97,26.95,2.0
2024-07-19,sh.688211,24.32,24.31,1.0
2024-07-25,sh.688211,23.61,23.65,4.0
2024-08-19,sh.688211,23.92,23.94,2.0
2024-08-21,sh.688211,23.8,23.75,5.0
2024-09-06,sh.688211,25.51,25.41,10.0
2024-11-28,sh.688211,30.71,30.73,2.0
2024-07-29,sh.688215,16.74,16.72,2.0
2024-08-14,sh.688215,16.42,16.45,3.0
2024-09-27,sh.688219,7.55,7.56,1.0
2024-07-01,sh.688225,11.51,11.44,7.0
2024-08-28,sh.688225,10.43,10.41,2.0
2024-07-30,sh.688227,10.88,10.87,1.0
2024-09-25,sh.688231,11.91,11.92,1.0
2024-05-13,sh.688251,19.28,19.3,2.0
2024-05-22,sh.688251,19.89,19.88,1.0
2024-05-23,sh.688251,19.48,19.46,2.0
2024-11-18,sh.688251,17.36,17.43,7.0
2024-03-14,sh.688257,22.16,22.17,1.0
2024-06-06,sh.688257,21.38,21.28,10.0
2024-08-09,sh.688257,14.05,14.04,1.0
2024-09-04,sh.688257,13.95,13.9,5.0
2024-09-11,sh.688257,13.36,13.38,2.0
2024-07-15,sh.688269,22.7,22.74,4.0
2024-09-06,sh.688269,21.73,21.76,3.0
2024-01-10,sh.688272,18.73,18.7,3.0
2024-01-11,sh.688272,18.8,18.75,5.0
2024-08-19,sh.688282,21.83,21.84,1.0
2024-08-21,sh.688282,21.72,21.65,7.0
2024-09-06,sh.688282,22.35,22.33,2.0
2024-11-26,sh.688282,28.49,28.48,1.0
2024-09-10,sh.688283,18.6,18.59,1.0
2024-05-23,sh.688290,33.98,33.97,1.0
2024-07-01,sh.688290,31.23,31.24,1.0
2024-08-06,sh.688290,31.09,31.05,4.0
2024-08-09,sh.688291,15.0,15.01,1.0
2024-09-18,sh.688291,14.31,14.29,2.0
2024-09-05,sh.688293,27.2,27.26,6.0
2024-12-06,sh.688293,45.67,45.72,5.0
2024-12-23,sh.688293,39.11,39.18,7.0
2024-05-13,sh.688309,14.23,14.2,3.0
2024-08-08,sh.688309,11.93,11.92,1.0
2024-08-12,sh.688309,11.83,11.85,2.0
2024-08-20,sh.688309,11.39,11.42,3.0
2024-09-04,sh.688309,10.93,10.94,1.0
2024-10-17,sh.688309,13.45,13.42,3.0
2024-10-30,sh.688309,14.5,14.51,1.0
2024-09-10,sh.688314,23.72,23.71,1.0
2024-12-25,sh.688323,12.15,12.18,3.0
2024-08-28,sh.688335,7.57,7.56,1.0
2024-10-11,sh.688335,8.86,8.89,3.0
2024-07-05,sh.688338,21.82,21.73,9.0
2024-08-19,sh.688338,23.39,23.34,5.0
2024-09-04,sh.688338,21.67,21.68,1.0
2024-07-24,sh.688345,14.82,14.81,1.0
2024-08-23,sh.688345,13.8,13.77,3.0
2024-09-09,sh.688350,9.83,9.84,1.0
2024-09-20,sh.688350,9.5,9.49,1.0
2024-07-17,sh.688353,16.23,16.21,2.0
2024-09-27,sh.688356,53.67,53.66,1.0
2024-11-26,sh.688356,56.76,56.71,5.0
2024-05-13,sh.688367,13.07,13.1,3.0
2024-05-15,sh.688367,13.02,13.03,1.0
2024-07-10,sh.688367,11.12,11.09,3.0
2024-08-09,sh.688367,12.09,12.08,1.0
2024-09-11,sh.688367,11.66,11.65,1.0
2024-09-19,sh.688367,11.48,11.47,1.0
2024-06-25,sh.688370,15.69,15.67,2.0
2024-07-08,sh.688370,15.34,15.38,4.0
2024-07-30,sh.688370,15.87,15.89,2.0
2024-08-02,sh.688370,15.95,15.94,1.0
2024-08-14,sh.688370,16.02,16.07,5.0
2024-09-18,sh.688370,15.51,15.5,1.0
2024-09-20,sh.688370,15.54,15.56,2.0
2024-09-23,sh.688370,15.61,15.6,1.0
2024-10-16,sh.688370,18.36,18.38,2.0
2024-10-17,sh.688370,18.3,18.25,5.0
2024-12-04,sh.688370,21.2,21.19,1.0
2024-12-27,sh.688370,19.82,19.84,2.0
2024-08-20,sh.688386,24.43,24.51,8.0
2024-09-23,sh.688393,14.33,14.34,1.0
2024-07-25,sh.688395,13.28,13.27,1.0
2024-09-03,sh.688395,13.71,13.68,3.0
2024-09-23,sh.688395,12.95,12.96,1.0
2024-05-27,sh.688420,21.7,21.71,1.0
2024-07-04,sh.688420,19.87,19.75,12.0
2024-07-30,sh.688420,18.85,18.95,10.0
2024-09-06,sh.688420,18.88,18.86,2.0
2024-09-13,sh.688420,18.04,18.05,1.0
2024-12-30,sh.688420,22.32,22.34,2.0
2024-04-22,sh.688426,17.87,17.77,10.0
2024-06-06,sh.688429,11.95,11.9,5.0
2024-09-18,sh.688429,16.81,16.82,1.0
2024-08-27,sh.688450,18.96,18.95,1.0
2024-09-20,sh.688456,26.96,26.95,1.0
2024-06-24,sh.688466,11.34,11.35,1.0
2024-07-17,sh.688466,10.86,10.87,1.0
2024-09-03,sh.688466,10.86,10.85,1.0
2024-07-17,sh.688479,15.2,15.21,1.0
2024-09-11,sh.688479,14.36,14.35,1.0
2024-07-01,sh.688480,27.35,27.38,3.0
2024-08-22,sh.688480,24.07,24.05,2.0
2024-09-20,sh.688480,22.73,22.72,1.0
2024-06-12,sh.688485,7.96,7.95,1.0
2024-07-02,sh.688485,7.85,7.87,2.0
2024-09-18,sh.688485,7.85,7.83,2.0
2024-02-20,sh.688500,26.73,26.7,3.0
2024-04-17,sh.688500,27.2,27.21,1.0
2024-05-08,sh.688500,28.36,28.28,8.0
2024-05-14,sh.688500,27.37,27.28,9.0
2024-07-29,sh.688500,31.64,31.58,6.0
2024-11-26,sh.688507,60.91,60.75,16.0
2024-05-30,sh.688513,54.81,54.83,2.0
2024-09-10,sh.688513,34.88,34.81,7.0
2024-04-08,sh.688539,35.66,35.64,2.0
2024-02-08,sh.688551,49.54,49.57,3.0
2024-08-21,sh.688551,25.8,25.84,4.0
2024-06-12,sh.688557,23.65,23.68,3.0
2024-07-05,sh.688557,22.68,22.69,1.0
2024-07-10,sh.688558,16.61,16.64,3.0
2024-09-04,sh.688558,16.28,16.26,2.0
2024-12-24,sh.688558,22.24,22.26,2.0
2024-06-17,sh.688569,22.14,22.15,1.0
2024-08-12,sh.688576,57.96,57.95,1.0
2024-05-30,sh.688577,66.78,66.8,2.0
2024-10-11,sh.688580,27.15,27.16,1.0
2024-12-26,sh.688585,6.68,6.66,2.0
2024-07-29,sh.688593,9.24,9.23,1.0
2024-06-21,sh.688600,14.38,14.31,7.0
2024-12-13,sh.688603,121.0,120.99,1.0
2024-06-25,sh.688606,47.73,47.74,1.0
2024-10-17,sh.688607,12.34,12.33,1.0
2024-08-27,sh.688610,26.4,26.34,6.0
2024-09-03,sh.688610,27.3,27.25,5.0
2024-09-19,sh.688610,27.25,27.13,12.0
2024-04-18,sh.688611,29.27,29.1,17.0
2024-07-29,sh.688611,25.04,25.02,2.0
2024-08-29,sh.688611,24.35,24.29,6.0
2024-09-06,sh.688611,25.71,25.72,1.0
2024-08-23,sh.688622,15.66,15.63,3.0
2024-08-26,sh.688622,15.65,15.66,1.0
2024-04-16,sh.688623,56.25,56.03,22.0
2024-05-31,sh.688623,59.63,59.57,6.0
2024-06-07,sh.688623,57.4,57.48,8.0
2024-06-19,sh.688623,58.46,58.45,1.0
2024-07-02,sh.688623,55.65,55.61,4.0
2024-07-08,sh.688623,53.12,53.0,12.0
2024-07-25,sh.688623,53.19,53.03,16.0
2024-07-29,sh.688623,52.6,52.72,12.0
2024-08-20,sh.688623,49.35,49.4,5.0
2024-09-03,sh.688623,47.8,47.77,3.0
2024-09-12,sh.688623,45.95,45.97,2.0
2024-10-11,sh.688623,53.95,53.96,1.0
2024-10-30,sh.688623,55.0,54.99,1.0
2024-12-04,sh.688623,59.19,59.17,2.0
2024-06-24,sh.688625,36.71,36.63,8.0
2024-07-29,sh.688625,32.85,32.9,5.0
2024-08-01,sh.688625,33.57,33.62,5.0
2024-08-22,sh.688625,33.33,33.35,2.0
2024-09-18,sh.688625,30.98,30.99,1.0
2024-05-27,sh.688628,40.94,40.98,4.0
2024-08-26,sh.688633,18.82,18.8,2.0
2024-12-20,sh.688633,24.72,24.68,4.0
2024-11-18,sh.688636,29.21,29.14,7.0
2024-05-30,sh.688638,41.28,41.27,1.0
2024-07-24,sh.688638,27.11,27.13,2.0
2024-08-09,sh.688638,27.15,27.11,4.0
2024-08-13,sh.688638,26.9,27.09,19.0
2024-08-15,sh.688638,26.97,26.98,1.0
2024-08-22,sh.688638,26.17,26.21,4.0
2024-09-03,sh.688638,23.42,23.38,4.0
2024-09-11,sh.688638,22.36,22.31,5.0
2024-08-23,sh.688646,24.42,24.47,5.0
2024-05-27,sh.688656,24.01,24.06,5.0
2024-06-19,sh.688657,38.31,38.27,4.0
2024-07-19,sh.688667,38.02,37.97,5.0
2024-12-10,sh.688667,43.25,43.34,9.0
2024-09-25,sh.688669,10.03,10.01,2.0
2024-09-27,sh.688669,10.74,10.73,1.0
2024-06-25,sh.688677,39.66,39.62,4.0
2024-12-30,sh.688677,37.0,36.99,1.0
2024-08-14,sh.688683,14.88,14.77,11.0
2024-09-03,sh.688683,13.72,13.74,2.0
2024-09-04,sh.688683,13.78,13.79,1.0
2024-09-20,sh.688683,13.0,12.98,2.0
2024-09-12,sh.688718,7.96,7.98,2.0
2024-07-22,sh.688722,10.38,10.37,1.0
2024-06-24,sh.688767,25.41,25.4,1.0
2024-09-20,sh.688767,24.67,24.75,8.0
2024-01-16,sh.688786,41.96,42.17,21.0
2024-04-11,sh.688786,36.97,37.08,11.0
2024-06-11,sh.688786,24.21,24.22,1.0
2024-08-29,sh.688786,21.45,21.43,2.0
2024-09-25,sh.688788,22.36,22.39,3.0
2024-09-04,sh.688799,39.14,39.05,9.0
