event_id,symbol,announcement_version,ann_date,decision_time,start_timestamp,type_upgrade,numeric_revision,numeric_available,admission_rank,risk_state,held_seats,pending_seats,category,issued,order_price_first,order_price_last,n_submissions,order_outcomes,fill_day,fill_price,decision_anchor_price,skip_or_cancel_reason,diag_ret_from_decision_20,diag_ret_from_announcement_20,ret_from_fill_cost_20,decision_to_fill_price_ret,label_end_decision,window_complete,crosses_dev_boundary,matched_control_return,pool_mean_20,pool_n,pool_n_complete,actual_net_pnl,buy_cost,pnl_over_buy_cost,sell_proceeds,dividend_cash,outcome
B1|sz.002299|20181231|a2019-01-08|u0,sz.002299,20181231#u0,2019-01-08,2019-01-09 am,2019-01-09 am,false,true,true,1,normal,0,0,issued,true,17.63,17.63,1,"{""filled_limit_buy"": 1}",2019-01-09,17.63,17.63,"",0.1978273299028015,0.20512820512820507,0.18831537152580813,0.0,2019-02-13,true,false,0.03930712858094587,0.036822458390635984,897,897,9795.765999999992,49369.0,0.19841937248070637,59164.76599999999,0.0,filled
B1|sz.002916|20181231|a2019-01-08|u0,sz.002916,20181231#u0,2019-01-08,2019-01-09 am,2019-01-09 am,false,true,true,2,normal,0,1,issued,true,86.87,86.87,1,"{""filled_limit_buy"": 1}",2019-01-09,86.87,86.87,"",0.18770491803278633,0.1981143193871533,0.16760676873489078,0.0,2019-02-13,true,false,0.03930712858094587,0.036822458390635984,897,897,7269.158499999998,43440.0,0.16733790285451192,50709.1585,0.0,filled
B1|sz.002024|20181231|a2019-01-09|u0,sz.002024,20181231#u0,2019-01-09,2019-01-10 am,2019-01-10 am,false,true,true,1,normal,2,0,issued,true,10.77,10.77,1,"{""filled_limit_buy"": 1}",2019-01-10,10.77,10.77,"",0.08247422680412364,0.06710158434296343,0.07242339832869082,0.0,2019-02-14,true,false,0.04524361948955913,0.04732892274418653,897,897,2605.569000000003,49547.0,0.052587825700849765,52152.569,0.0,filled
B1|sz.002157|20181231|a2019-01-09|u0,sz.002157,20181231#u0,2019-01-09,2019-01-10 am,2019-01-10 am,false,true,true,2,normal,2,1,issued,true,5.83,5.83,1,"{""filled_limit_buy"": 1}",2019-01-10,5.83,5.83,"",0.26516464471403745,0.2445193929173688,0.25214408233276075,0.0,2019-02-14,true,false,0.04524361948955913,0.04732892274418653,897,897,12849.518000000004,49560.0,0.25927195318805496,62409.518000000004,0.0,filled
B1|sz.002475|20181231|a2019-01-10|u0,sz.002475,20181231#u0,2019-01-10,2019-01-11 am,2019-01-11 am,false,true,true,1,normal,4,0,slot_full,false,,,0,{},,,14.8,slot_full,0.15932203389830568,0.1549295774647892,,,2019-02-15,true,false,0.03401360544217713,0.03450928517134515,897,897,,,,,,never_seen
B1|sz.002405|20181231|a2019-01-12|u0,sz.002405,20181231#u0,2019-01-12,2019-01-14 am,2019-01-14 am,false,true,true,1,normal,4,0,slot_full,false,,,0,{},,,15.76,slot_full,0.29840255591054277,0.2075949367088601,,,2019-02-18,true,false,0.07205623901581681,0.07799947552611107,897,897,,,,,,never_seen
B1|sz.002234|20181231|a2019-01-15|u0,sz.002234,20181231#u0,2019-01-15,2019-01-16 am,2019-01-16 am,false,true,true,1,normal,4,0,slot_full,false,,,0,{},,,12.63,slot_full,0.649402390438248,0.5019952114924191,,,2019-02-20,true,false,0.06374501992031845,0.0755077369640681,897,897,,,,,,never_seen
B1|sz.002353|20181231|a2019-01-18|u0,sz.002353,20181231#u0,2019-01-18,2019-01-21 am,2019-01-21 am,false,true,true,1,normal,4,0,slot_full,false,,,0,{},,,17.77,slot_full,0.16478555304740405,0.17296340023612733,,,2019-02-25,true,false,0.1354401805869072,0.15953558428011005,897,897,,,,,,never_seen
B1|sz.002755|20181231|a2019-01-22|u0,sz.002755,20181231#u0,2019-01-22,2019-01-23 am,2019-01-23 am,false,true,true,1,normal,4,0,slot_full,false,,,0,{},,,15.36,slot_full,0.09362549800796849,0.08049113233287897,,,2019-02-27,true,false,0.14429868819374292,0.16713570931081798,897,897,,,,,,never_seen
B1|sz.002302|20181231|a2019-01-25|u0,sz.002302,20181231#u0,2019-01-25,2019-01-28 am,2019-01-28 am,false,true,true,1,normal,4,0,slot_full,false,,,0,{},,,9.39,slot_full,0.28693790149892884,0.2780172413793103,,,2019-03-04,true,false,0.1818996415770613,0.2111134038236196,897,897,,,,,,never_seen
B1|sz.002023|20181231|a2019-01-29|u0,sz.002023,20181231#u0,2019-01-29,2019-01-30 am,2019-01-30 am,false,true,true,1,normal,4,0,slot_full,false,,,0,{},,,10.3,slot_full,0.234063745019921,0.2199612403100779,,,2019-03-06,true,false,0.27319587628865993,0.3091093752638864,897,897,,,,,,never_seen
B1|sz.002458|20181231|a2019-01-29|u0,sz.002458,20181231#u0,2019-01-29,2019-01-30 am,2019-01-30 am,false,true,true,2,normal,4,0,slot_full,false,,,0,{},,,17.03,slot_full,1.4760191846522783,1.4583572659391155,,,2019-03-06,true,false,0.27319587628865993,0.3091093752638864,897,897,,,,,,never_seen
B1|sz.002607|20181231|a2019-01-29|u0,sz.002607,20181231#u0,2019-01-29,2019-01-30 am,2019-01-30 am,false,true,true,3,normal,4,0,slot_full,false,,,0,{},,,8.41,slot_full,0.4392857142857136,0.4643705463182892,,,2019-03-06,true,false,0.27319587628865993,0.3091093752638864,897,897,,,,,,never_seen
B1|sz.002414|20181231|a2019-01-30|u0,sz.002414,20181231#u0,2019-01-30,2019-01-31 am,2019-01-31 am,false,true,true,1,normal,4,0,slot_full,false,,,0,{},,,21.12,slot_full,0.2572653644592662,0.2695202257761049,,,2019-03-07,true,false,0.3084326306141161,0.3583009215995652,985,985,,,,,,never_seen
B1|sz.002703|20181231|a2019-01-30|u0,sz.002703,20181231#u0,2019-01-30,2019-01-31 am,2019-01-31 am,false,true,true,2,normal,4,0,slot_full,false,,,0,{},,,4.18,slot_full,0.4849999999999999,0.44578313253012003,,,2019-03-07,true,false,0.3084326306141161,0.3583009215995652,985,985,,,,,,never_seen
B1|sz.002725|20181231|a2019-01-30|u0,sz.002725,20181231#u0,2019-01-30,2019-01-31 am,2019-01-31 am,false,true,true,3,normal,4,0,slot_full,false,,,0,{},,,9.02,slot_full,0.21259842519685002,0.2320819112627983,,,2019-03-07,true,false,0.3084326306141161,0.3583009215995652,985,985,,,,,,never_seen
B1|sz.002098|20181231|a2019-01-31|u0,sz.002098,20181231#u0,2019-01-31,2019-02-01 am,2019-02-01 am,false,true,true,1,normal,4,0,slot_full,false,,,0,{},,,7.96,slot_full,0.18341708542713508,0.33887468030690493,,,2019-03-08,true,false,0.2059732234809475,0.25907147575938855,985,985,,,,,,never_seen
B1|sz.002129|20181231|a2019-01-31|u0,sz.002129,20181231#u0,2019-01-31,2019-02-01 am,2019-02-01 am,false,true,true,2,normal,4,0,slot_full,false,,,0,{},,,8.84,slot_full,0.129943502824859,0.18668252080856163,,,2019-03-08,true,false,0.2059732234809475,0.25907147575938855,985,985,,,,,,never_seen
B1|sz.002181|20181231|a2019-01-31|u0,sz.002181,20181231#u0,2019-01-31,2019-02-01 am,2019-02-01 am,false,true,true,3,normal,4,0,slot_full,false,,,0,{},,,3.99,slot_full,0.41645885286783013,0.6211340206185563,,,2019-03-08,true,false,0.2059732234809475,0.25907147575938855,985,985,,,,,,never_seen
B1|sz.002270|20181231|a2019-01-31|u0,sz.002270,20181231#u0,2019-01-31,2019-02-01 am,2019-02-01 am,false,true,true,4,normal,4,0,slot_full,false,,,0,{},,,4.19,slot_full,0.22248803827751273,0.3965517241379315,,,2019-03-08,true,false,0.2059732234809475,0.25907147575938855,985,985,,,,,,never_seen
B1|sz.002328|20181231|a2019-01-31|u0,sz.002328,20181231#u0,2019-01-31,2019-02-01 am,2019-02-01 am,false,true,true,5,normal,4,0,slot_full,false,,,0,{},,,5.34,slot_full,0.3199268738574039,0.4942748091603051,,,2019-03-08,true,false,0.2059732234809475,0.25907147575938855,985,985,,,,,,never_seen
B1|sz.002510|20181231|a2019-01-31|u0,sz.002510,20181231#u0,2019-01-31,2019-02-01 am,2019-02-01 am,false,true,true,6,normal,4,0,slot_full,false,,,0,{},,,3.88,slot_full,0.15949367088607636,0.2729658792650922,,,2019-03-08,true,false,0.2059732234809475,0.25907147575938855,985,985,,,,,,never_seen
B1|sz.002575|20181231|a2019-01-31|u0,sz.002575,20181231#u0,2019-01-31,2019-02-01 am,2019-02-01 am,false,true,true,7,normal,4,0,slot_full,false,,,0,{},,,7.35,slot_full,0.2350543478260867,0.4428571428571424,,,2019-03-08,true,false,0.2059732234809475,0.25907147575938855,985,985,,,,,,never_seen
B1|sz.002099|20190331|a2019-04-09|u0,sz.002099,20190331#u0,2019-04-09,2019-04-10 am,2019-04-10 am,false,true,true,1,normal,0,0,issued,true,10.69,10.69,2,"{""not_penetrated"": 2}",,,10.69,cancel_cap,-0.22637979420018706,-0.1430041152263375,,,2019-05-13,true,false,-0.15052508751458582,-0.13599083401074386,2260,2259,,,,,,cancel_cap
B1|sz.002575|20190331|a2019-04-09|u0,sz.002575,20190331#u0,2019-04-09,2019-04-10 am,2019-04-10 am,false,true,true,2,normal,0,1,issued,true,9.09,9.09,1,"{""filled_limit_buy"": 1}",2019-04-10,9.09,9.09,"",-0.183425414364641,-0.15967365967365976,-0.187018701870187,0.0,2019-05-13,true,false,-0.15052508751458582,-0.13599083401074386,2260,2259,-10376.6702,52727.2722,-0.1967989195541961,42350.602,0.0,filled
B1|sz.000996|20181231|a2019-04-10|u0,sz.000996,20181231#u0,2019-04-10,2019-04-11 am,2019-04-11 am,false,true,true,1,normal,1,0,issued,true,16.34,16.34,1,"{""filled_limit_buy"": 1}",2019-04-11,16.34,16.34,"",-0.1504263093788063,-0.11255411255411252,-0.14626682986536088,0.0,2019-05-14,true,false,-0.1404494382022471,-0.1265977768810568,2260,2259,-1149.5487999999968,52293.2288,-0.021982746645776,51143.68,0.0,filled
B1|sz.002882|20190331|a2019-04-10|u0,sz.002882,20190331#u0,2019-04-10,2019-04-11 am,2019-04-11 am,false,true,true,2,normal,1,1,issued,true,11.95,11.95,1,"{""filled_limit_buy"": 1}",2019-04-11,11.95,11.95,"",-0.061276595744680695,-0.08606557377049151,-0.07698744769874466,0.0,2019-05-14,true,false,-0.1404494382022471,-0.1265977768810568,2260,2259,-3447.4500000000044,52585.258,-0.06555924856354235,49137.808,0.0,filled
B1|sz.002079|20190331|a2019-04-11|u0,sz.002079,20190331#u0,2019-04-11,2019-04-12 am,2019-04-12 am,false,true,true,1,normal,3,0,issued,true,7.34,7.34,1,"{""filled_limit_buy"": 1}",2019-04-12,7.34,7.34,"",-0.02937249666221675,-0.029850746268657247,-0.009536784741144833,0.0,2019-05-15,true,false,-0.12226512226512232,-0.10604048978473485,2260,2259,-10780.404800000004,52853.2848,-0.20396849203968498,42072.88,0.0,filled
B1|sz.002398|20190331|a2019-04-11|u0,sz.002398,20190331#u0,2019-04-11,2019-04-12 am,2019-04-12 am,false,true,true,2,normal,3,1,slot_full,false,,,0,{},,,7.27,slot_full,-0.1292134831460675,-0.1784741144414168,,,2019-05-15,true,false,-0.12226512226512232,-0.10604048978473485,2260,2259,,,,,,never_seen
B1|sz.002012|20190331|a2019-04-13|u0,sz.002012,20190331#u0,2019-04-13,2019-04-15 am,2019-04-15 am,false,true,true,1,normal,4,0,slot_full,false,,,0,{},,,7.4,slot_full,-0.21531791907514453,-0.2643835616438355,,,2019-05-16,true,false,-0.10670731707317038,-0.0920893340854177,2260,2259,,,,,,never_seen
B1|sz.002021|20190331|a2019-04-13|u0,sz.002021,20190331#u0,2019-04-13,2019-04-15 am,2019-04-15 am,false,true,true,2,normal,4,0,slot_full,false,,,0,{},,,3.34,slot_full,-0.3757396449704141,-0.32727272727272716,,,2019-05-17,true,false,-0.10670731707317038,-0.0920893340854177,2260,2259,,,,,,never_seen
B1|sz.002151|20190331|a2019-04-13|u0,sz.002151,20190331#u0,2019-04-13,2019-04-15 am,2019-04-15 am,false,true,true,3,normal,4,0,slot_full,false,,,0,{},,,26.33,slot_full,-0.08187569780424264,-0.11260053619302957,,,2019-05-16,true,false,-0.10670731707317038,-0.0920893340854177,2260,2259,,,,,,never_seen
B1|sz.002164|20190331|a2019-04-13|u0,sz.002164,20190331#u0,2019-04-13,2019-04-15 am,2019-04-15 am,false,true,true,4,normal,4,0,slot_full,false,,,0,{},,,3.9,slot_full,0.4438642297650135,0.2997416020671839,,,2019-05-16,true,false,-0.10670731707317038,-0.0920893340854177,2260,2259,,,,,,never_seen
B1|sz.002234|20190331|a2019-04-13|u0,sz.002234,20190331#u0,2019-04-13,2019-04-15 am,2019-04-15 am,false,true,true,5,normal,4,0,slot_full,false,,,0,{},,,31.91,slot_full,0.08494337108594241,0.0067985166872679414,,,2019-05-16,true,false,-0.10670731707317038,-0.0920893340854177,2260,2259,,,,,,never_seen
B1|sz.002333|20190331|a2019-04-13|u0,sz.002333,20190331#u0,2019-04-13,2019-04-15 am,2019-04-15 am,false,true,true,6,normal,4,0,slot_full,false,,,0,{},,,7.6,slot_full,-0.36612021857923494,-0.40909090909090906,,,2019-05-17,true,false,-0.10670731707317038,-0.0920893340854177,2260,2259,,,,,,never_seen
B1|sz.002381|20190331|a2019-04-13|u0,sz.002381,20190331#u0,2019-04-13,2019-04-15 am,2019-04-15 am,false,true,true,7,normal,4,0,slot_full,false,,,0,{},,,11.29,slot_full,-0.1799086757990871,-0.20282186948853664,,,2019-05-16,true,false,-0.10670731707317038,-0.0920893340854177,2260,2259,,,,,,never_seen
B1|sz.002560|20190331|a2019-04-15|u0,sz.002560,20190331#u0,2019-04-15,2019-04-16 am,2019-04-16 am,false,true,true,1,normal,4,0,slot_full,false,,,0,{},,,6.34,slot_full,-0.08437499999999987,-0.0048154093097914075,,,2019-05-17,true,false,-0.1550387596899223,-0.14037169032280092,2260,2259,,,,,,never_seen
B1|sz.002591|20190331|a2019-04-15|u0,sz.002591,20190331#u0,2019-04-15,2019-04-16 am,2019-04-16 am,false,true,true,2,normal,4,0,slot_full,false,,,0,{},,,8.02,slot_full,0.013381995133819657,0.03532277710109577,,,2019-05-17,true,false,-0.1550387596899223,-0.14037169032280092,2260,2259,,,,,,never_seen
B1|sz.002757|20190331|a2019-04-15|u0,sz.002757,20190331#u0,2019-04-15,2019-04-16 am,2019-04-16 am,false,true,true,3,normal,4,0,slot_full,false,,,0,{},,,32.98,slot_full,0.13074842200180292,0.14918625678119346,,,2019-05-17,true,false,-0.1550387596899223,-0.14037169032280092,2260,2259,,,,,,never_seen
B1|sz.002669|20190331|a2019-04-16|u1,sz.002669,20190331#u1,2019-04-16,2019-04-17 am,2019-04-17 am,false,true,true,1,normal,4,0,slot_full,false,,,0,{},,,15.15,slot_full,-0.12516823687752343,-0.13531799729364002,,,2019-05-20,true,false,-0.16467065868263453,-0.15210246436485317,2260,2259,,,,,,never_seen
B1|sz.002592|20190630|a2019-07-04|u0,sz.002592,20190630#u0,2019-07-04,2019-07-05 am,2019-07-05 am,false,true,true,1,normal,0,0,issued,true,15.7,15.7,1,"{""filled_limit_buy"": 1}",2019-07-05,15.7,15.7,"",-0.08650742414460943,-0.07449494949494972,-0.0987261146496815,0.0,2019-08-02,true,false,-0.06607369758576853,-0.05767262629096483,1265,1265,-6070.248,50245.024,-0.12081291870812919,44174.776,0.0,filled
B1|sz.002182|20190630|a2019-07-09|u0,sz.002182,20190630#u0,2019-07-09,2019-07-10 am,2019-07-10 am,false,true,true,1,normal,1,0,issued,true,7.87,7.87,1,"{""not_penetrated"": 1}",,,7.87,cancel_cap,0.10486891385767749,0.16881443298969057,,,2019-08-07,true,false,-0.07037821871187278,-0.05710599986410055,1265,1265,,,,,,cancel_cap
B1|sz.002299|20190630|a2019-07-09|u0,sz.002299,20190630#u0,2019-07-09,2019-07-10 am,2019-07-10 am,false,true,true,2,normal,1,1,issued,true,26.53,26.53,1,"{""filled_limit_buy"": 1}",2019-07-10,26.53,26.53,"",0.11954022988505741,0.040892193308550207,0.10139464756878991,0.0,2019-08-07,true,false,-0.07037821871187278,-0.05710599986410055,1265,1265,3718.3125999999975,47759.0,0.07785574656085759,51477.3126,0.0,filled
B1|sz.000912|20190630|a2019-07-13|u1,sz.000912,20190630#u1,2019-07-13,2019-07-15 am,2019-07-15 am,false,true,true,1,normal,2,0,issued,true,5.69,5.69,1,"{""filled_limit_buy"": 1}",2019-07-15,5.69,5.69,"",-0.1681260945709282,-0.21166666666666656,-0.16520210896309317,0.0,2019-08-12,true,false,-0.07560137457044702,-0.056848132676972495,1265,1265,-8675.455199999997,50077.0072,-0.1732422859327743,41401.552,0.0,filled
B1|sz.002745|20190630|a2019-07-12|u0,sz.002745,20190630#u0,2019-07-12,2019-07-15 am,2019-07-15 am,false,true,true,2,normal,2,1,issued,true,11.69,11.69,1,"{""filled_limit_buy"": 1}",2019-07-15,11.69,11.69,"",-0.10948275862068935,-0.1573913043478259,-0.11633875106928959,0.0,2019-08-12,true,false,-0.07560137457044702,-0.056848132676972495,1265,1265,-7405.940699999999,50272.0267,-0.14731732906244654,42866.086,0.0,filled
B1|sz.002869|20190630|a2019-07-12|u0,sz.002869,20190630#u0,2019-07-12,2019-07-15 am,2019-07-15 am,false,true,true,3,normal,2,2,slot_full,false,,,0,{},,,49.02,slot_full,0.11380484872771013,0.14017056636781122,,,2019-08-12,true,false,-0.07560137457044702,-0.056848132676972495,1265,1265,,,,,,never_seen
B1|sz.002835|20190630|a2019-07-15|u1,sz.002835,20190630#u1,2019-07-15,2019-07-16 am,2019-07-16 am,false,true,true,1,normal,4,0,slot_full,false,,,0,{},,,9.62,slot_full,0.1570680628272254,0.1598746081504705,,,2019-08-13,true,false,-0.08354114713216931,-0.06349434151046099,1265,1265,,,,,,never_seen
B1|sz.002299|20190930|a2019-10-09|u1,sz.002299,20190930#u1,2019-10-09,2019-10-10 am,2019-10-10 am,false,true,true,1,normal,0,0,issued,true,27.08,27.08,1,"{""filled_limit_buy"": 1}",2019-10-10,27.08,27.08,"",-0.0077864293659619666,-0.008248968878890262,-0.011816838995568402,0.0,2019-11-07,true,false,-0.0239333006375676,-0.014417368567118723,1397,1397,-368.4439999999995,48749.0,-0.007557980676526688,48380.556,0.0,filled
B1|sz.002318|20190930|a2019-10-09|u1,sz.002318,20190930#u1,2019-10-09,2019-10-10 am,2019-10-10 am,false,true,true,2,normal,0,1,issued,true,8.58,8.58,1,"{""filled_limit_buy"": 1}",2019-10-10,8.58,8.58,"",-0.013840830449826536,-0.004750593824227378,-0.0034965034965029895,0.0,2019-11-07,true,false,-0.0239333006375676,-0.014417368567118723,1397,1397,-725.3849999999984,48053.0,-0.015095519530518353,47327.615000000005,0.0,filled
B1|sz.002639|20190930|a2019-10-11|u0,sz.002639,20190930#u0,2019-10-11,2019-10-14 am,2019-10-14 am,false,true,true,1,normal,2,0,issued,true,9.13,9.13,1,"{""filled_limit_buy"": 1}",2019-10-14,9.13,9.13,"",-0.11428571428571388,-0.07828004410143308,-0.11719605695509272,0.0,2019-11-11,true,false,-0.06666666666666632,-0.058837631228877536,1397,1397,-3584.8640000000014,48394.00000000001,-0.07407662106872755,44809.136000000006,0.0,filled
B1|sz.002151|20190930|a2019-10-15|u1,sz.002151,20190930#u1,2019-10-15,2019-10-16 am,2019-10-16 am,false,true,true,1,reduced,3,0,issued,true,21.79,21.79,1,"{""filled_limit_buy"": 1}",2019-10-16,21.79,21.79,"",-0.03963133640552996,-0.03587856485740559,-0.043597980725103236,0.0,2019-11-13,true,false,-0.05377906976744162,-0.04105458157050316,1397,1397,-919.7200000000012,19616.0,-0.04688621533442094,18696.28,0.0,filled
B1|sz.002429|20190930|a2019-10-15|u0,sz.002429,20190930#u0,2019-10-15,2019-10-16 am,2019-10-16 am,false,true,true,2,reduced,3,1,slot_full,false,,,0,{},,,2.9,slot_full,-0.013793103448275779,-0.020270270270270285,,,2019-11-13,true,false,-0.05377906976744162,-0.04105458157050316,1397,1397,,,,,,never_seen
B1|sz.002481|20190930|a2019-10-15|u0,sz.002481,20190930#u0,2019-10-15,2019-10-16 am,2019-10-16 am,false,true,true,3,reduced,3,1,slot_full,false,,,0,{},,,8.25,slot_full,-0.06633906633906628,-0.10201660735468543,,,2019-11-13,true,false,-0.05377906976744162,-0.04105458157050316,1397,1397,,,,,,never_seen
B1|sz.002628|20190930|a2019-10-15|u0,sz.002628,20190930#u0,2019-10-15,2019-10-16 am,2019-10-16 am,false,true,true,4,reduced,3,1,slot_full,false,,,0,{},,,4.79,slot_full,-0.07352941176470607,-0.06250000000000011,,,2019-11-13,true,false,-0.05377906976744162,-0.04105458157050316,1397,1397,,,,,,never_seen
B1|sz.002709|20190930|a2019-10-15|u0,sz.002709,20190930#u0,2019-10-15,2019-10-16 am,2019-10-16 am,false,true,true,5,reduced,3,1,slot_full,false,,,0,{},,,16.74,slot_full,0.0017772511848346273,0.012597480503899527,,,2019-11-13,true,false,-0.05377906976744162,-0.04105458157050316,1397,1397,,,,,,never_seen
B1|sz.002512|20190930|a2019-10-16|u0,sz.002512,20190930#u0,2019-10-16,2019-10-17 am,2019-10-17 am,false,true,true,1,reduced,4,0,slot_full,false,,,0,{},,,5.89,slot_full,-0.03310104529616731,-0.10260586319218246,,,2019-11-14,true,false,-0.04782146652497343,-0.03328354543694709,1397,1397,,,,,,never_seen
B1|sz.002299|20191231|a2020-01-04|u0,sz.002299,20191231#u0,2020-01-04,2020-01-06 am,2020-01-06 am,false,true,true,1,reduced,0,0,issued,true,25.28,25.28,1,"{""filled_limit_buy"": 1}",2020-01-06,25.28,25.28,"",-0.07784156265285902,-0.026777266541377687,-0.08148934128160568,0.0,2020-02-11,true,false,-0.0905797101449275,-0.04943636162950273,1309,1309,-1803.2479999999996,20229.0,-0.08914172722329328,17225.752,1200.0,filled
B1|sz.002182|20191231|a2020-01-20|u0,sz.002182,20191231#u0,2020-01-20,2020-01-21 am,2020-01-21 am,false,true,true,1,reduced,1,0,issued,true,11.0,11.0,1,"{""filled_limit_buy"": 1}",2020-01-21,11.0,11.0,"",0.07438016528925617,0.15650591446769813,0.06363636363636371,0.0,2020-02-26,true,false,-0.012510425354461896,0.021932551631357638,1309,1309,-2953.9739999999983,20905.0,-0.1413046639559913,17951.026,0.0,filled
B1|sz.002489|20191231|a2020-01-20|u0,sz.002489,20191231#u0,2020-01-20,2020-01-21 am,2020-01-21 am,false,true,true,2,reduced,1,1,issued,true,4.92,4.92,1,"{""filled_limit_buy"": 1}",2020-01-21,4.92,4.92,"",-0.06391752577319543,-0.07258064516128993,-0.07723577235772316,0.0,2020-02-26,true,false,-0.012510425354461896,0.021932551631357638,1309,1309,-4283.899000000001,21161.0,-0.20244312650630883,16877.101,0.0,filled
B1|sz.002903|20191231|a2020-01-21|u0,sz.002903,20191231#u0,2020-01-21,2020-01-22 am,2020-01-22 am,false,true,true,1,reduced,3,0,issued,true,14.32,14.39,2,"{""not_penetrated"": 1, ""filled_limit_buy"": 1}",2020-01-23,14.39,14.32,"",-0.06740792216817282,-0.06416382252559771,-0.14871438498957668,0.004888268156424624,2020-02-27,true,false,-0.010093727469358549,0.019423975725629095,1309,1309,-3904.268000000002,20151.0,-0.19375058309761312,16246.731999999998,0.0,filled
B1|sz.002184|20191231|a2020-01-31|u0,sz.002184,20191231#u0,2020-01-31,2020-02-03 am,2020-02-03 am,false,true,true,1,reduced,3,0,issued,true,9.7,9.7,2,"{""not_penetrated"": 1, ""filled_limit_buy"": 1}",2020-02-04,9.7,9.7,"",0.23917525773195836,0.0333951762523188,0.25360824742267996,0.0,2020-03-02,true,false,0.11963865762110926,0.14944738844598174,1606,1606,5473.111000000001,20375.0,0.2686189447852761,25848.111,0.0,filled
B1|sz.002335|20191231|a2020-01-31|u0,sz.002335,20191231#u0,2020-01-31,2020-02-03 am,2020-02-03 am,false,true,true,2,reduced,3,1,slot_full,false,,,0,{},,,15.77,slot_full,0.6062143310082433,0.338470319634703,,,2020-03-02,true,false,0.11963865762110926,0.14944738844598174,1606,1606,,,,,,never_seen
B1|sz.002941|20191231|a2020-01-31|u0,sz.002941,20191231#u0,2020-01-31,2020-02-03 am,2020-02-03 am,false,true,true,3,reduced,3,1,slot_full,false,,,0,{},,,14.63,slot_full,0.2638414217361589,0.03446153846153899,,,2020-03-02,true,false,0.11963865762110926,0.14944738844598174,1606,1606,,,,,,never_seen
B1|sz.002429|20191231|a2020-02-03|u0,sz.002429,20191231#u0,2020-02-03,2020-02-04 am,2020-02-04 am,false,true,true,1,reduced,3,0,issued,true,3.73,3.73,1,"{""not_penetrated"": 1}",,,3.73,cancel_cap,0.4805194805194801,0.5885714285714281,,,2020-03-03,true,false,0.1425896201177097,0.1669431758216702,1606,1606,,,,,,cancel_cap
B1|sz.002409|20200331|a2020-03-12|u0,sz.002409,20200331#u0,2020-03-12,2020-03-13 am,2020-03-13 am,false,true,true,1,reduced,0,0,issued,true,35.97,35.97,1,"{""not_penetrated"": 1}",,,35.97,cancel_cap,-0.2032608695652176,-0.16028368794326275,,,2020-04-13,true,false,-0.058056872037914986,-0.044606285295338485,1807,1807,,,,,,cancel_cap
B1|sz.000813|20191231|a2020-03-31|u0,sz.000813,20191231#u0,2020-03-31,2020-04-01 am,2020-04-01 am,false,true,true,1,reduced,0,0,issued,true,5.25,5.25,1,"{""filled_limit_buy"": 1}",2020-04-01,5.25,5.25,"",0.03838771593090273,0.009398496240601961,0.03047619047619099,0.0,2020-04-30,true,false,0.020827077202324906,0.03670370840677184,1820,1820,568.4000000000015,21005.0,0.027060223756248582,21573.4,0.0,filled
B1|sz.002605|20200331|a2020-04-08|u0,sz.002605,20200331#u0,2020-04-08,2020-04-09 am,2020-04-09 am,false,true,true,1,reduced,1,0,issued,true,30.27,30.27,1,"{""filled_limit_buy"": 1}",2020-04-09,30.27,30.27,"",-0.06385101429996665,-0.05840886203423956,-0.07003633961017497,0.0,2020-05-12,true,false,-0.010024849860443497,0.0022415574517811046,1820,1820,-1828.3899999999994,21194.0,-0.0862692271397565,19365.61,0.0,filled
B1|sz.002258|20200331|a2020-04-11|u0,sz.002258,20200331#u0,2020-04-11,2020-04-13 am,2020-04-13 am,false,true,true,1,reduced,2,0,issued,true,15.02,15.02,1,"{""filled_limit_buy"": 1}",2020-04-13,15.02,15.02,"",-0.017173051519154603,0.08005617977528079,-0.009320905459387574,0.0,2020-05-14,true,false,0.008930168399028049,0.029002078988360432,1820,1820,94.84600000000137,21033.0,0.004509390006180829,21127.846,0.0,filled
B1|sz.002312|20200331|a2020-04-15|u0,sz.002312,20200331#u0,2020-04-15,2020-04-16 am,2020-04-16 am,false,true,true,1,reduced,3,0,issued,true,4.58,4.61,2,"{""not_penetrated"": 1, ""filled_limit_buy"": 1}",2020-04-17,4.61,4.58,"",0.030368763557483414,0.03493449781659397,0.019522776572667988,0.0065502183406114245,2020-05-19,true,false,0.003385732945301423,0.021343737259942756,1820,1820,612.1500000000015,21211.0,0.02886002545848859,21823.15,0.0,filled
B1|sz.002384|20200630|a2020-06-09|u0,sz.002384,20200630#u0,2020-06-09,2020-06-10 am,2020-06-10 am,false,true,true,1,reduced,0,0,issued,true,28.9,28.9,1,"{""filled_limit_buy"": 1}",2020-06-10,28.9,28.9,"",0.11258404601266059,0.13804025112949603,0.11258404601266059,0.0,2020-07-10,true,false,0.15123096500062627,0.18658708706925742,1456,1456,2319.4530000000013,20235.0,0.11462579688658273,22519.453,35.0,filled
B1|sz.002585|20200630|a2020-06-30|u0,sz.002585,20200630#u0,2020-06-30,2020-07-01 am,2020-07-01 am,false,true,true,1,reduced,1,0,issued,true,6.53,6.53,1,"{""filled_limit_buy"": 1}",2020-07-01,6.53,6.53,"",0.2155688622754488,0.2559618441971383,0.24349157733537474,0.0,2020-07-29,true,false,0.09056372532596002,0.12142149582514836,1556,1556,5765.292000000001,20901.0,0.2758380938711067,26666.292,0.0,filled
B1|sz.002702|20200630|a2020-07-02|u0,sz.002702,20200630#u0,2020-07-02,2020-07-03 am,2020-07-03 am,false,true,true,1,reduced,2,0,issued,true,7.99,7.99,1,"{""filled_limit_buy"": 1}",2020-07-03,7.99,7.99,"",0.17639429312581045,0.19999999999999973,0.13516896120150168,0.0,2020-07-31,true,false,0.058697119315388124,0.10279585311403154,1556,1556,2531.6560000000027,20779.0,0.12183723952067003,23310.656000000003,0.0,filled
B1|sz.002709|20200630|a2020-07-07|u0,sz.002709,20200630#u0,2020-07-07,2020-07-08 am,2020-07-08 am,false,true,true,1,reduced,3,0,issued,true,42.67,42.67,1,"{""filled_limit_buy"": 1}",2020-07-08,42.67,42.67,"",-0.10975895155628379,-0.07376261412782337,-0.10850714787907212,0.0,2020-08-05,true,false,0.020304626660558656,0.0582080055696643,1556,1556,-2174.1899999999987,21340.0,-0.10188331771321456,19165.81,0.0,filled
B1|sz.002803|20200630|a2020-07-07|u0,sz.002803,20200630#u0,2020-07-07,2020-07-08 am,2020-07-08 am,false,true,true,2,reduced,3,1,slot_full,false,,,0,{},,,32.98,slot_full,0.30927518427518375,0.30156699712184154,,,2020-08-05,true,false,0.020304626660558656,0.0582080055696643,1556,1556,,,,,,never_seen
B1|sz.002223|20200630|a2020-07-08|u0,sz.002223,20200630#u0,2020-07-08,2020-07-09 am,2020-07-09 am,false,true,true,1,reduced,4,0,slot_full,false,,,0,{},,,38.91,slot_full,-0.07494813278008272,-0.03306878306878269,,,2020-08-06,true,false,-0.009507917916184383,0.029790432941965362,1556,1556,,,,,,never_seen
B1|sz.002324|20200630|a2020-07-11|u0,sz.002324,20200630#u0,2020-07-11,2020-07-13 am,2020-07-13 am,false,true,true,1,reduced,3,0,issued,true,18.1,18.1,1,"{""filled_limit_buy"": 1}",2020-07-13,18.1,18.1,"",-0.21816168327796215,-0.28636826042726327,-0.2198895027624308,0.0,2020-08-11,true,false,-0.036237070648313885,-0.004519488604597434,1556,1556,-2941.994999999999,19915.0,-0.14772759226713528,16973.005,0.0,filled
B1|sz.002489|20200630|a2020-07-13|u0,sz.002489,20200630#u0,2020-07-13,2020-07-14 am,2020-07-14 am,false,true,true,1,reduced,3,0,issued,true,5.11,5.11,1,"{""filled_limit_buy"": 1}",2020-07-14,5.11,5.11,"",-0.027722772277227303,0.007984031936128178,-0.039138943248531954,0.0,2020-08-11,true,false,-0.045286759388590225,-0.016649908087458226,1556,1556,-399.5819999999985,20956.0,-0.01906766558503524,20556.418,0.0,filled
B1|sz.002030|20200630|a2020-07-14|u0,sz.002030,20200630#u0,2020-07-14,2020-07-15 am,2020-07-15 am,false,true,true,1,reduced,4,0,slot_full,false,,,0,{},,,34.0,slot_full,0.31667688534641303,0.27091963545981734,,,2020-08-12,true,false,-0.024940137450632838,-0.002632279522855982,1556,1556,,,,,,never_seen
B1|sz.002049|20200630|a2020-07-14|u0,sz.002049,20200630#u0,2020-07-14,2020-07-15 am,2020-07-15 am,false,true,true,2,reduced,4,0,slot_full,false,,,0,{},,,128.26,slot_full,0.08515276197146138,0.11966766644850813,,,2020-08-12,true,false,-0.024940137450632838,-0.002632279522855982,1556,1556,,,,,,never_seen
B1|sz.002079|20200630|a2020-07-14|u0,sz.002079,20200630#u0,2020-07-14,2020-07-15 am,2020-07-15 am,false,true,true,3,reduced,4,0,slot_full,false,,,0,{},,,13.66,slot_full,-0.13936249073387696,-0.17754385964912278,,,2020-08-12,true,false,-0.024940137450632838,-0.002632279522855982,1556,1556,,,,,,never_seen
B1|sz.002229|20200630|a2020-07-14|u0,sz.002229,20200630#u0,2020-07-14,2020-07-15 am,2020-07-15 am,false,true,true,4,reduced,4,0,slot_full,false,,,0,{},,,7.8,slot_full,-0.08290155440414493,-0.11180904522613055,,,2020-08-12,true,false,-0.024940137450632838,-0.002632279522855982,1556,1556,,,,,,never_seen
B1|sz.002544|20200630|a2020-07-14|u0,sz.002544,20200630#u0,2020-07-14,2020-07-15 am,2020-07-15 am,false,true,true,5,reduced,4,0,slot_full,false,,,0,{},,,15.15,slot_full,0.10179640718562877,0.0918524241838905,,,2020-08-12,true,false,-0.024940137450632838,-0.002632279522855982,1556,1556,,,,,,never_seen
B1|sz.002560|20200630|a2020-07-14|u0,sz.002560,20200630#u0,2020-07-14,2020-07-15 am,2020-07-15 am,false,true,true,6,reduced,4,0,slot_full,false,,,0,{},,,9.6,slot_full,0.16488222698072774,0.1022044088176346,,,2020-08-12,true,false,-0.024940137450632838,-0.002632279522855982,1556,1556,,,,,,never_seen
B1|sz.000786|20200630|a2020-07-15|u1,sz.000786,20200630#u1,2020-07-15,2020-07-16 am,2020-07-16 am,false,true,true,1,reduced,4,0,slot_full,false,,,0,{},,,30.2,slot_full,0.03960743077462303,0.06559714795008897,,,2020-08-13,true,false,0.024045737272457735,0.05402919401931266,1556,1556,,,,,,never_seen
B1|sz.002184|20200630|a2020-07-15|u0,sz.002184,20200630#u0,2020-07-15,2020-07-16 am,2020-07-16 am,false,true,true,2,reduced,4,0,slot_full,false,,,0,{},,,16.6,slot_full,-0.033586818757921244,-0.10425160163075131,,,2020-08-13,true,false,0.024045737272457735,0.05402919401931266,1556,1556,,,,,,never_seen
B1|sz.002187|20200630|a2020-07-15|u0,sz.002187,20200630#u0,2020-07-15,2020-07-16 am,2020-07-16 am,false,true,true,3,reduced,4,0,slot_full,false,,,0,{},,,16.13,slot_full,-0.15332926084300547,-0.22150789012273508,,,2020-08-13,true,false,0.024045737272457735,0.05402919401931266,1556,1556,,,,,,never_seen
B1|sz.002414|20200630|a2020-07-15|u0,sz.002414,20200630#u0,2020-07-15,2020-07-16 am,2020-07-16 am,false,true,true,4,reduced,4,0,slot_full,false,,,0,{},,,34.39,slot_full,0.14098260604211177,0.06767995411528549,,,2020-08-13,true,false,0.024045737272457735,0.05402919401931266,1556,1556,,,,,,never_seen
B1|sz.002432|20200630|a2020-07-15|u0,sz.002432,20200630#u0,2020-07-15,2020-07-16 am,2020-07-16 am,false,true,true,5,reduced,4,0,slot_full,false,,,0,{},,,12.11,slot_full,-0.04362703165098358,-0.11946202531645556,,,2020-08-13,true,false,0.024045737272457735,0.05402919401931266,1556,1556,,,,,,never_seen
B1|sz.002437|20200630|a2020-07-15|u0,sz.002437,20200630#u0,2020-07-15,2020-07-16 am,2020-07-16 am,false,true,true,6,reduced,4,0,slot_full,false,,,0,{},,,4.08,slot_full,-0.028132992327365436,-0.1252900232018559,,,2020-08-13,true,false,0.024045737272457735,0.05402919401931266,1556,1556,,,,,,never_seen
B1|sz.002524|20200630|a2020-07-15|u0,sz.002524,20200630#u0,2020-07-15,2020-07-16 am,2020-07-16 am,false,true,true,7,reduced,4,0,slot_full,false,,,0,{},,,12.0,slot_full,0.03899480069324146,-0.1396255850234006,,,2020-08-13,true,false,0.024045737272457735,0.05402919401931266,1556,1556,,,,,,never_seen
B1|sz.002612|20200630|a2020-07-15|u0,sz.002612,20200630#u0,2020-07-15,2020-07-16 am,2020-07-16 am,false,true,true,8,reduced,4,0,slot_full,false,,,0,{},,,9.99,slot_full,0.01684210526315777,-0.06829268292682933,,,2020-08-13,true,false,0.024045737272457735,0.05402919401931266,1556,1556,,,,,,never_seen
B1|sz.002488|20200930|a2020-09-29|u0,sz.002488,20200930#u0,2020-09-29,2020-09-30 am,2020-09-30 am,false,true,true,1,reduced,0,0,issued,true,8.83,8.83,1,"{""filled_limit_buy"": 1}",2020-09-30,8.83,8.83,"",0.08179723502304115,0.005488474204170979,0.06342015855039596,0.0,2020-11-05,true,false,0.002688871541330684,0.026652029077159436,1510,1510,1143.6320000000014,21197.0,0.05395254045383788,22340.632,0.0,filled
B1|sz.002571|20200930|a2020-10-13|u0,sz.002571,20200930#u0,2020-10-13,2020-10-14 am,2020-10-14 am,false,true,true,1,reduced,1,0,issued,true,7.61,7.61,1,"{""filled_limit_buy"": 1}",2020-10-14,7.61,7.61,"",0.10519480519480506,0.11857707509881421,0.11826544021024965,0.0,2020-11-11,true,false,-0.04307942215803218,-0.027176770029400332,1510,1510,2639.779999999999,20552.0,0.12844394706111323,23191.78,0.0,filled
B1|sz.002594|20200930|a2020-10-13|u0,sz.002594,20200930#u0,2020-10-13,2020-10-14 am,2020-10-14 am,false,true,true,2,reduced,1,1,issued,true,130.0,130.0,1,"{""filled_limit_buy"": 1}",2020-10-14,130.0,130.0,"",0.2593869731800764,0.41217418207131273,0.26423076923076905,0.0,2020-11-11,true,false,-0.04307942215803218,-0.027176770029400332,1510,1510,4760.2119999999995,13005.0,0.3660293733179546,17765.212,0.0,filled
B1|sz.002919|20200930|a2020-10-14|u0,sz.002919,20200930#u0,2020-10-14,2020-10-15 am,2020-10-15 am,false,true,true,1,reduced,3,0,issued,true,53.8,53.8,1,"{""filled_limit_buy"": 1}",2020-10-15,53.8,53.8,"",-0.20923961891065945,-0.23639607493309533,-0.1823420074349439,0.0,2020-11-12,true,false,-0.034549143987449626,-0.018013570367770838,1510,1510,-4605.555999999999,16145.0,-0.2852620625580674,11539.444000000001,0.0,filled
B1|sz.000027|20200930|a2020-10-15|u0,sz.000027,20200930#u0,2020-10-15,2020-10-16 am,2020-10-16 am,false,true,true,1,reduced,4,0,slot_full,false,,,0,{},,,5.82,slot_full,-0.05335628227194478,-0.03972366148531947,,,2020-11-13,true,false,-0.03572919073994607,-0.016850694295595815,1510,1510,,,,,,never_seen
B1|sz.000698|20200930|a2020-10-15|u1,sz.000698,20200930#u1,2020-10-15,2020-10-16 am,2020-10-16 am,false,true,true,2,reduced,4,0,slot_full,false,,,0,{},,,6.34,slot_full,-0.23410852713178298,-0.2098569157392688,,,2020-11-13,true,false,-0.03572919073994607,-0.016850694295595815,1510,1510,,,,,,never_seen
B1|sz.000786|20200930|a2020-10-15|u0,sz.000786,20200930#u0,2020-10-15,2020-10-16 am,2020-10-16 am,false,true,true,3,reduced,4,0,slot_full,false,,,0,{},,,38.65,slot_full,0.021031033598359006,0.04665792922673706,,,2020-11-13,true,false,-0.03572919073994607,-0.016850694295595815,1510,1510,,,,,,never_seen
B1|sz.002059|20200930|a2020-10-15|u0,sz.002059,20200930#u0,2020-10-15,2020-10-16 am,2020-10-16 am,false,true,true,4,reduced,4,0,slot_full,false,,,0,{},,,5.06,slot_full,-0.04911591355599221,-0.047244094488189226,,,2020-11-13,true,false,-0.03572919073994607,-0.016850694295595815,1510,1510,,,,,,never_seen
B1|sz.002386|20200930|a2020-10-15|u0,sz.002386,20200930#u0,2020-10-15,2020-10-16 am,2020-10-16 am,false,true,true,5,reduced,4,0,slot_full,false,,,0,{},,,5.52,slot_full,0.05263157894736814,-0.005405405405405683,,,2020-11-13,true,false,-0.03572919073994607,-0.016850694295595815,1510,1510,,,,,,never_seen
B1|sz.002437|20200930|a2020-10-15|u0,sz.002437,20200930#u0,2020-10-15,2020-10-16 am,2020-10-16 am,false,true,true,6,reduced,4,0,slot_full,false,,,0,{},,,3.24,slot_full,-0.07530120481927693,-0.0646153846153843,,,2020-11-13,true,false,-0.03572919073994607,-0.016850694295595815,1510,1510,,,,,,never_seen
B1|sz.002847|20200930|a2020-10-15|u0,sz.002847,20200930#u0,2020-10-15,2020-10-16 am,2020-10-16 am,false,true,true,7,reduced,4,0,slot_full,false,,,0,{},,,145.24,slot_full,-0.12317699418007544,-0.13926421404682265,,,2020-11-13,true,false,-0.03572919073994607,-0.016850694295595815,1510,1510,,,,,,never_seen
